Colegio Notarial;Provincia;Distrito Notarial;Localidad / Plaza;Nº de Notarías;Clase;Notas
Colegio Notarial de Andalucía;Almería;Almería;Almería;10;Primera;
Colegio Notarial de Andalucía;Almería;Almería;Alhama de Almería;1;Tercera;
Colegio Notarial de Andalucía;Almería;Almería;Canjáyar;1;Tercera;
Colegio Notarial de Andalucía;Almería;Almería;Fiñana;1;Tercera;
Colegio Notarial de Andalucía;Almería;Almería;Níjar;2;Segunda;
Colegio Notarial de Andalucía;Almería;Almería;Roquetas;4;Segunda;
Colegio Notarial de Andalucía;Almería;Almería;Sorbas;1;Tercera;
Colegio Notarial de Andalucía;Almería;Almería;Vícar;1;Tercera;
Colegio Notarial de Andalucía;Almería;Almería;La Mojonera;1;Tercera;
Colegio Notarial de Andalucía;Almería;Berja;Berja;2;Tercera;
Colegio Notarial de Andalucía;Almería;Berja;Adra;2;Segunda;
Colegio Notarial de Andalucía;Almería;Berja;Dalías;1;Tercera;
Colegio Notarial de Andalucía;Almería;Berja;El Ejido;5;Segunda;
Colegio Notarial de Andalucía;Almería;Huércal-Overa;Huércal-Overa;1;Tercera;
Colegio Notarial de Andalucía;Almería;Huércal-Overa;Albox;1;Tercera;
Colegio Notarial de Andalucía;Almería;Huércal-Overa;Purchena;1;Tercera;
Colegio Notarial de Andalucía;Almería;Huércal-Overa;Serón;1;Tercera;
Colegio Notarial de Andalucía;Almería;Huércal-Overa;Vélez-Blanco;1;Tercera;
Colegio Notarial de Andalucía;Almería;Huércal-Overa;Vélez-Rubio;1;Tercera;
Colegio Notarial de Andalucía;Almería;Huércal-Overa;Olula del Río-Macael;1;Tercera;
Colegio Notarial de Andalucía;Almería;Vera;Vera;3;Tercera;
Colegio Notarial de Andalucía;Almería;Vera;Carboneras;1;Tercera;
Colegio Notarial de Andalucía;Almería;Vera;Cuevas de Almanzora;1;Tercera;
Colegio Notarial de Andalucía;Almería;Vera;Mojácar;1;Tercera;
Colegio Notarial de Andalucía;Almería;Vera;Garrucha;1;Tercera;
Colegio Notarial de Andalucía;Almería;Vera;Pulpí;1;Tercera;
Colegio Notarial de Andalucía;Cádiz;Algeciras;Algeciras;5;Primera;
Colegio Notarial de Andalucía;Cádiz;Algeciras;Los Barrios;1;Segunda;
Colegio Notarial de Andalucía;Cádiz;Algeciras;Tarifa;1;Tercera;
Colegio Notarial de Andalucía;Cádiz;Arcos de la Frontera;Arcos de la Frontera;2;Segunda;
Colegio Notarial de Andalucía;Cádiz;Arcos de la Frontera;Algodonales;1;Tercera;
Colegio Notarial de Andalucía;Cádiz;Arcos de la Frontera;Olvera;1;Tercera;
Colegio Notarial de Andalucía;Cádiz;Arcos de la Frontera;Ubrique;2;Tercera;
Colegio Notarial de Andalucía;Cádiz;Arcos de la Frontera;Villamartín;1;Tercera;
Colegio Notarial de Andalucía;Cádiz;Cádiz;Cádiz;6;Primera;
Colegio Notarial de Andalucía;Cádiz;Ceuta;Ceuta;3;Primera;
Colegio Notarial de Andalucía;Cádiz;Chiclana de la Frontera;Chiclana de la Frontera;4;Segunda;
Colegio Notarial de Andalucía;Cádiz;Chiclana de la Frontera;Barbate;1;Segunda;
Colegio Notarial de Andalucía;Cádiz;Chiclana de la Frontera;Conil de la Frontera;1;Segunda;
Colegio Notarial de Andalucía;Cádiz;Chiclana de la Frontera;Vejer de la Frontera;1;Tercera;
Colegio Notarial de Andalucía;Cádiz;Jerez de la Frontera;Jerez de la Frontera;8;Primera;
Colegio Notarial de Andalucía;Cádiz;El Puerto de Santa María;El Puerto de Santa María;4;Primera;
Colegio Notarial de Andalucía;Cádiz;El Puerto de Santa María;Puerto Real;2;Segunda;
Colegio Notarial de Andalucía;Cádiz;El Puerto de Santa María;Rota;2;Segunda;
Colegio Notarial de Andalucía;Cádiz;San Fernando;San Fernando;4;Primera;
Colegio Notarial de Andalucía;Cádiz;San Fernando;Alcalá de los Gazules;1;Tercera;
Colegio Notarial de Andalucía;Cádiz;San Fernando;Medina-Sidonia;1;Tercera;
Colegio Notarial de Andalucía;Cádiz;Sanlúcar de Barrameda;Sanlúcar de Barrameda;3;Segunda;
Colegio Notarial de Andalucía;Cádiz;Sanlúcar de Barrameda;Chipiona;1;Tercera;
Colegio Notarial de Andalucía;Cádiz;Sanlúcar de Barrameda;Trebujena;1;Tercera;
Colegio Notarial de Andalucía;Cádiz;San Roque;San Roque;3;Segunda;
Colegio Notarial de Andalucía;Cádiz;San Roque;La Línea;2;Segunda;
Colegio Notarial de Andalucía;Córdoba;Aguilar;Aguilar;1;Tercera;
Colegio Notarial de Andalucía;Córdoba;Aguilar;Puente Genil;2;Segunda;
Colegio Notarial de Andalucía;Córdoba;Aguilar;Moriles;1;Tercera;
Colegio Notarial de Andalucía;Córdoba;Baena;Baena;2;Segunda;
Colegio Notarial de Andalucía;Córdoba;Baena;Luque;1;Tercera;
Colegio Notarial de Andalucía;Córdoba;Cabra;Cabra;2;Segunda;
Colegio Notarial de Andalucía;Córdoba;Cabra;Doña Mencía;1;Tercera;
Colegio Notarial de Andalucía;Córdoba;Córdoba;Córdoba;17;Primera;
Colegio Notarial de Andalucía;Córdoba;Córdoba;Bujalance;1;Tercera;
Colegio Notarial de Andalucía;Córdoba;Córdoba;Castro del Río;1;Tercera;
Colegio Notarial de Andalucía;Córdoba;Córdoba;El Carpio;1;Tercera;
Colegio Notarial de Andalucía;Córdoba;Córdoba;Espejo;1;Tercera;
Colegio Notarial de Andalucía;Córdoba;Córdoba;Montoro;1;Tercera;
Colegio Notarial de Andalucía;Córdoba;Córdoba;Villa del Río;1;Tercera;
Colegio Notarial de Andalucía;Córdoba;Lucena;Lucena;3;Segunda;
Colegio Notarial de Andalucía;Córdoba;Lucena;Benamejí;1;Tercera;
Colegio Notarial de Andalucía;Córdoba;Lucena;Iznájar;1;Tercera;
Colegio Notarial de Andalucía;Córdoba;Lucena;Rute;1;Tercera;
Colegio Notarial de Andalucía;Córdoba;Montilla;Montilla;2;Segunda;
Colegio Notarial de Andalucía;Córdoba;Montilla;Fernán-Núñez;1;Tercera;
Colegio Notarial de Andalucía;Córdoba;Montilla;La Rambla;1;Tercera;
Colegio Notarial de Andalucía;Córdoba;Peñarroya-Pueblonuevo;Peñarroya-Pueblonuevo;1;Tercera;
Colegio Notarial de Andalucía;Córdoba;Peñarroya-Pueblonuevo;Espiel;1;Tercera;
Colegio Notarial de Andalucía;Córdoba;Peñarroya-Pueblonuevo;Fuente Obejuna;1;Tercera;
Colegio Notarial de Andalucía;Córdoba;Peñarroya-Pueblonuevo;Hinojosa del Duque;1;Tercera;
Colegio Notarial de Andalucía;Córdoba;Posadas;Posadas;1;Tercera;
Colegio Notarial de Andalucía;Córdoba;Posadas;Hornachuelos;1;Tercera;
Colegio Notarial de Andalucía;Córdoba;Posadas;Palma del Río;1;Segunda;
Colegio Notarial de Andalucía;Córdoba;Posadas;La Carlota;1;Tercera;
Colegio Notarial de Andalucía;Córdoba;Posadas;Fuente Palmera;1;Tercera;
Colegio Notarial de Andalucía;Córdoba;Pozoblanco;Pozoblanco;2;Tercera;
Colegio Notarial de Andalucía;Córdoba;Pozoblanco;Villanueva de Córdoba;1;Tercera;
Colegio Notarial de Andalucía;Córdoba;Priego de Córdoba;Priego de Córdoba;2;Segunda;
Colegio Notarial de Andalucía;Córdoba;Priego de Córdoba;Carcabuey;1;Tercera;
Colegio Notarial de Andalucía;Granada;Baza;Baza;2;Segunda;
Colegio Notarial de Andalucía;Granada;Baza;Cúllar-Baza;1;Tercera;
Colegio Notarial de Andalucía;Granada;Baza;Huéscar;1;Tercera;
Colegio Notarial de Andalucía;Granada;Baza;Puebla de Don Fadrique;1;Tercera;
Colegio Notarial de Andalucía;Granada;Granada;Granada;17;Primera;
Colegio Notarial de Andalucía;Granada;Granada;Albolote;1;Tercera;
Colegio Notarial de Andalucía;Granada;Granada;La Zubia;1;Tercera;
Colegio Notarial de Andalucía;Granada;Granada;Armilla;2;Tercera;
Colegio Notarial de Andalucía;Granada;Granada;Iznalloz;1;Tercera;
Colegio Notarial de Andalucía;Granada;Granada;Maracena;1;Tercera;
Colegio Notarial de Andalucía;Granada;Granada;Padul;1;Tercera;
Colegio Notarial de Andalucía;Granada;Granada;Pinos Puente;1;Tercera;
Colegio Notarial de Andalucía;Granada;Granada;Santafé;2;Tercera;
Colegio Notarial de Andalucía;Granada;Granada;Atarfe;1;Tercera;
Colegio Notarial de Andalucía;Granada;Guadix;Guadix;2;Segunda;
Colegio Notarial de Andalucía;Granada;Loja;Loja;2;Segunda;
Colegio Notarial de Andalucía;Granada;Loja;Alhama de Granada;1;Tercera;
Colegio Notarial de Andalucía;Granada;Loja;Illora;1;Tercera;
Colegio Notarial de Andalucía;Granada;Loja;Montefrío;1;Tercera;
Colegio Notarial de Andalucía;Granada;Loja;Huétor Tájar;1;Tercera;
Colegio Notarial de Andalucía;Granada;Motril;Motril;4;Segunda;
Colegio Notarial de Andalucía;Granada;Motril;Almuñécar;2;Segunda;
Colegio Notarial de Andalucía;Granada;Motril;Salobreña;1;Tercera;
Colegio Notarial de Andalucía;Granada;Órgiva;Órgiva;1;Tercera;
Colegio Notarial de Andalucía;Granada;Órgiva;Albuñol;1;Tercera;
Colegio Notarial de Andalucía;Granada;Órgiva;Dúrcal;1;Tercera;
Colegio Notarial de Andalucía;Granada;Órgiva;Ugíjar;1;Tercera;
Colegio Notarial de Andalucía;Huelva;Aracena;Aracena;1;Tercera;
Colegio Notarial de Andalucía;Huelva;Aracena;Cortegana;1;Tercera;
Colegio Notarial de Andalucía;Huelva;Aracena;Santa Olalla del Cala;1;Tercera;
Colegio Notarial de Andalucía;Huelva;Aracena;Cumbres Mayores;1;Tercera;
Colegio Notarial de Andalucía;Huelva;Ayamonte;Ayamonte;2;Tercera;
Colegio Notarial de Andalucía;Huelva;Ayamonte;Isla Cristina;1;Segunda;
Colegio Notarial de Andalucía;Huelva;Ayamonte;Lepe;2;Segunda;
Colegio Notarial de Andalucía;Huelva;Ayamonte;Cartaya;1;Tercera;
Colegio Notarial de Andalucía;Huelva;Ayamonte;Villanueva de los Castillejos;1;Tercera;
Colegio Notarial de Andalucía;Huelva;Huelva;Huelva;8;Primera;
Colegio Notarial de Andalucía;Huelva;Huelva;Gibraleón;1;Tercera;
Colegio Notarial de Andalucía;Huelva;Huelva;Punta Umbría;3;Tercera;
Colegio Notarial de Andalucía;Huelva;Huelva;Trigueros;1;Tercera;
Colegio Notarial de Andalucía;Huelva;La Palma del Condado;La Palma del Condado;1;Tercera;
Colegio Notarial de Andalucía;Huelva;La Palma del Condado;Almonte;2;Segunda;
Colegio Notarial de Andalucía;Huelva;La Palma del Condado;Bollullos Par del Condado;1;Tercera;
Colegio Notarial de Andalucía;Huelva;La Palma del Condado;Escacena del Campo;1;Tercera;
Colegio Notarial de Andalucía;Huelva;Moguer;Moguer;1;Tercera;
Colegio Notarial de Andalucía;Huelva;Moguer;Palos de la Frontera;1;Tercera;
Colegio Notarial de Andalucía;Huelva;Moguer;Bonares;1;Tercera;
Colegio Notarial de Andalucía;Huelva;Valverde del Camino;Valverde del Camino;2;Tercera;
Colegio Notarial de Andalucía;Huelva;Valverde del Camino;Puebla de Guzmán;1;Tercera;
Colegio Notarial de Andalucía;Jaén;Alcalá la Real;Alcalá la Real;2;Segunda;
Colegio Notarial de Andalucía;Jaén;Alcalá la Real;Alcaudete;1;Tercera;
Colegio Notarial de Andalucía;Jaén;Alcalá la Real;Castillo de Locubín;1;Tercera;
Colegio Notarial de Andalucía;Jaén;Andújar;Andújar;2;Segunda;
Colegio Notarial de Andalucía;Jaén;Andújar;Arjona;1;Tercera;
Colegio Notarial de Andalucía;Jaén;Andújar;Lopera;1;Tercera;
Colegio Notarial de Andalucía;Jaén;Andújar;Marmolejo;1;Tercera;
Colegio Notarial de Andalucía;Jaén;Andújar;Mengíbar;1;Tercera;
Colegio Notarial de Andalucía;Jaén;Baeza;Baeza;2;Tercera;
Colegio Notarial de Andalucía;Jaén;La Carolina;La Carolina;1;Tercera;
Colegio Notarial de Andalucía;Jaén;La Carolina;Bailén;1;Tercera;
Colegio Notarial de Andalucía;Jaén;La Carolina;Navas de San Juan;1;Tercera;
Colegio Notarial de Andalucía;Jaén;Cazorla;Cazorla;1;Tercera;
Colegio Notarial de Andalucía;Jaén;Cazorla;Quesada;1;Tercera;
Colegio Notarial de Andalucía;Jaén;Cazorla;Peal de Becerro;1;Tercera;
Colegio Notarial de Andalucía;Jaén;Jaén;Jaén;8;Primera;
Colegio Notarial de Andalucía;Jaén;Jaén;Campillo de Arenas;1;Tercera;
Colegio Notarial de Andalucía;Jaén;Jaén;Huelma;1;Tercera;
Colegio Notarial de Andalucía;Jaén;Jaén;Jimena;1;Tercera;
Colegio Notarial de Andalucía;Jaén;Jaén;Mancha Real;1;Tercera;
Colegio Notarial de Andalucía;Jaén;Jaén;Torredelcampo;1;Tercera;
Colegio Notarial de Andalucía;Jaén;Linares;Linares;3;Segunda;
Colegio Notarial de Andalucía;Jaén;Martos;Martos;2;Segunda;
Colegio Notarial de Andalucía;Jaén;Martos;Porcuna;1;Tercera;
Colegio Notarial de Andalucía;Jaén;Martos;Torredonjimeno;1;Tercera;
Colegio Notarial de Andalucía;Jaén;Úbeda;Úbeda;3;Segunda;
Colegio Notarial de Andalucía;Jaén;Úbeda;Jódar;1;Tercera;
Colegio Notarial de Andalucía;Jaén;Úbeda;Torreperogil;1;Tercera;
Colegio Notarial de Andalucía;Jaén;Villacarrillo;Villacarrillo;1;Tercera;
Colegio Notarial de Andalucía;Jaén;Villacarrillo;Beas de Segura;1;Tercera;
Colegio Notarial de Andalucía;Jaén;Villacarrillo;Orcera;1;Tercera;
Colegio Notarial de Andalucía;Jaén;Villacarrillo;Santisteban del Puerto;1;Tercera;
Colegio Notarial de Andalucía;Jaén;Villacarrillo;Villanueva del Arzobispo;1;Tercera;
Colegio Notarial de Andalucía;Málaga;Antequera;Antequera;3;Segunda;
Colegio Notarial de Andalucía;Málaga;Antequera;Alameda;1;Tercera;
Colegio Notarial de Andalucía;Málaga;Antequera;Archidona;1;Tercera;
Colegio Notarial de Andalucía;Málaga;Antequera;Campillos;1;Tercera;
Colegio Notarial de Andalucía;Málaga;Antequera;Teba;1;Tercera;
Colegio Notarial de Andalucía;Málaga;Estepona;Estepona;4;Segunda;
Colegio Notarial de Andalucía;Málaga;Estepona;Manilva;2;Tercera;
Colegio Notarial de Andalucía;Málaga;Fuengirola;Fuengirola;7;Segunda;
Colegio Notarial de Andalucía;Málaga;Fuengirola;Benalmádena;4;Segunda;incluye una en el barrio Costa y una en Arroyo de la Miel
Colegio Notarial de Andalucía;Málaga;Fuengirola;Mijas;2;Segunda;
Colegio Notarial de Andalucía;Málaga;Málaga;Málaga;27;Primera;
Colegio Notarial de Andalucía;Málaga;Málaga;Torremolinos;3;Segunda;
Colegio Notarial de Andalucía;Málaga;Málaga;Alhaurín el Grande;1;Segunda;
Colegio Notarial de Andalucía;Málaga;Málaga;Alora;1;Tercera;
Colegio Notarial de Andalucía;Málaga;Málaga;Colmenar;1;Tercera;
Colegio Notarial de Andalucía;Málaga;Málaga;Coín;2;Segunda;
Colegio Notarial de Andalucía;Málaga;Málaga;Rincón de la Victoria;1;Segunda;
Colegio Notarial de Andalucía;Málaga;Málaga;Cártama;1;Tercera;
Colegio Notarial de Andalucía;Málaga;Málaga;Alhaurín de la Torre;1;Segunda;
Colegio Notarial de Andalucía;Málaga;Marbella;Marbella;12;Primera;incluye dos plazas en San Pedro de Alcántara
Colegio Notarial de Andalucía;Málaga;Melilla;Melilla;3;Primera;
Colegio Notarial de Andalucía;Málaga;Ronda;Ronda;3;Segunda;
Colegio Notarial de Andalucía;Málaga;Ronda;Gaucín;1;Tercera;
Colegio Notarial de Andalucía;Málaga;Vélez-Málaga;Vélez-Málaga;5;Segunda;
Colegio Notarial de Andalucía;Málaga;Vélez-Málaga;Nerja;2;Segunda;
Colegio Notarial de Andalucía;Málaga;Vélez-Málaga;Torrox;2;Tercera;
Colegio Notarial de Andalucía;Sevilla;Carmona;Carmona;2;Segunda;
Colegio Notarial de Andalucía;Sevilla;Carmona;Viso del Alcor;2;Tercera;
Colegio Notarial de Andalucía;Sevilla;Cazalla de la Sierra;Cazalla de la Sierra;1;Tercera;
Colegio Notarial de Andalucía;Sevilla;Cazalla de la Sierra;Constantina;1;Tercera;
Colegio Notarial de Andalucía;Sevilla;Cazalla de la Sierra;Guadalcanal;1;Tercera;
Colegio Notarial de Andalucía;Sevilla;Dos Hermanas;Dos Hermanas;4;Primera;
Colegio Notarial de Andalucía;Sevilla;Écija;Écija;2;Segunda;
Colegio Notarial de Andalucía;Sevilla;Écija;Fuentes de Andalucía;1;Tercera;
Colegio Notarial de Andalucía;Sevilla;Lora del Río;Lora del Río;2;Segunda;
Colegio Notarial de Andalucía;Sevilla;Lora del Río;Cantillana;1;Tercera;
Colegio Notarial de Andalucía;Sevilla;Marchena;Marchena;1;Segunda;
Colegio Notarial de Andalucía;Sevilla;Marchena;El Arahal;1;Segunda;
Colegio Notarial de Andalucía;Sevilla;Marchena;Paradas;1;Tercera;
Colegio Notarial de Andalucía;Sevilla;Morón de la Frontera;Morón de la Frontera;2;Segunda;
Colegio Notarial de Andalucía;Sevilla;Morón de la Frontera;La Puebla de Cazalla;1;Tercera;
Colegio Notarial de Andalucía;Sevilla;Morón de la Frontera;Montellano;1;Tercera;
Colegio Notarial de Andalucía;Sevilla;Osuna;Osuna;2;Tercera;
Colegio Notarial de Andalucía;Sevilla;Osuna;Estepa;2;Tercera;
Colegio Notarial de Andalucía;Sevilla;Osuna;Herrera;1;Tercera;
Colegio Notarial de Andalucía;Sevilla;Sevilla;Sevilla;38;Primera;incluye una en el barrio Nervión y una en Sevilla-Este
Colegio Notarial de Andalucía;Sevilla;Sevilla;Alcalá de Guadaíra;3;Segunda;
Colegio Notarial de Andalucía;Sevilla;Sevilla;Alcalá del Río;1;Tercera;
Colegio Notarial de Andalucía;Sevilla;Sevilla;Camas;1;Segunda;
Colegio Notarial de Andalucía;Sevilla;Sevilla;Coria del Río;1;Segunda;
Colegio Notarial de Andalucía;Sevilla;Sevilla;El Castillo de las Guardas;1;Tercera;
Colegio Notarial de Andalucía;Sevilla;Sevilla;La Algaba;1;Tercera;
Colegio Notarial de Andalucía;Sevilla;Sevilla;Pilas;1;Tercera;
Colegio Notarial de Andalucía;Sevilla;Sevilla;San Juan de Aznalfarache;1;Segunda;
Colegio Notarial de Andalucía;Sevilla;Sevilla;Sanlúcar la Mayor;2;Tercera;
Colegio Notarial de Andalucía;Sevilla;Sevilla;La Rinconada;1;Segunda;
Colegio Notarial de Andalucía;Sevilla;Sevilla;Mairena del Aljarafe;2;Segunda;
Colegio Notarial de Andalucía;Sevilla;Sevilla;La Puebla del Río;1;Tercera;
Colegio Notarial de Andalucía;Sevilla;Sevilla;Guillena;1;Tercera;
Colegio Notarial de Andalucía;Sevilla;Sevilla;Bormujos;1;Tercera;
Colegio Notarial de Andalucía;Sevilla;Sevilla;Brenes;1;Tercera;
Colegio Notarial de Andalucía;Sevilla;Sevilla;Castilleja de la Cuesta;1;Tercera;
Colegio Notarial de Andalucía;Sevilla;Sevilla;Tomares;1;Segunda;
Colegio Notarial de Andalucía;Sevilla;Utrera;Utrera;3;Segunda;
Colegio Notarial de Andalucía;Sevilla;Utrera;Lebrija;1;Segunda;
Colegio Notarial de Andalucía;Sevilla;Utrera;Los Palacios y Villafranca;2;Segunda;
Colegio Notarial de Andalucía;Sevilla;Utrera;Las Cabezas de San Juan;1;Tercera;
Colegio Notarial de Andalucía;Sevilla;Utrera;El Cuervo de Sevilla;1;Tercera;
Colegio Notarial de Aragón;Huesca;Barbastro;Barbastro;2;Tercera;
Colegio Notarial de Aragón;Huesca;Barbastro;Binéfar;1;Tercera;
Colegio Notarial de Aragón;Huesca;Barbastro;Graus;1;Tercera;
Colegio Notarial de Aragón;Huesca;Barbastro;Monzón;2;Tercera;
Colegio Notarial de Aragón;Huesca;Barbastro;Tamarite de Litera;1;Tercera;
Colegio Notarial de Aragón;Huesca;Boltaña;Boltaña;1;Tercera;
Colegio Notarial de Aragón;Huesca;Boltaña;Benasque;1;Tercera;
Colegio Notarial de Aragón;Huesca;Fraga;Fraga;2;Tercera;
Colegio Notarial de Aragón;Huesca;Fraga;Albalate de Cinca;1;Tercera;
Colegio Notarial de Aragón;Huesca;Huesca;Huesca;4;Primera;
Colegio Notarial de Aragón;Huesca;Huesca;Almudévar;1;Tercera;
Colegio Notarial de Aragón;Huesca;Huesca;Ayerbe;1;Tercera;
Colegio Notarial de Aragón;Huesca;Huesca;Sariñena;1;Tercera;
Colegio Notarial de Aragón;Huesca;Jaca;Jaca;2;Tercera;
Colegio Notarial de Aragón;Huesca;Jaca;Berdun;1;Tercera;
Colegio Notarial de Aragón;Huesca;Jaca;Sabiñánigo;1;Tercera;
Colegio Notarial de Aragón;Teruel;Alcañiz;Alcañiz;2;Tercera;
Colegio Notarial de Aragón;Teruel;Alcañiz;Andorra;1;Tercera;
Colegio Notarial de Aragón;Teruel;Alcañiz;Calanda;1;Tercera;
Colegio Notarial de Aragón;Teruel;Alcañiz;Alcorisa;1;Tercera;
Colegio Notarial de Aragón;Teruel;Alcañiz;Híjar;1;Tercera;
Colegio Notarial de Aragón;Teruel;Alcañiz;Valderrobres;1;Tercera;
Colegio Notarial de Aragón;Teruel;Calamocha;Calamocha;1;Tercera;
Colegio Notarial de Aragón;Teruel;Calamocha;Montalbán-Utrillas;1;Tercera;
Colegio Notarial de Aragón;Teruel;Teruel;Teruel;3;Primera;
Colegio Notarial de Aragón;Teruel;Teruel;Albarracín;1;Tercera;
Colegio Notarial de Aragón;Teruel;Teruel;Aliaga;1;Tercera;
Colegio Notarial de Aragón;Teruel;Teruel;Mora de Rubielos;1;Tercera;
Colegio Notarial de Aragón;Teruel;Teruel;Mosqueruela;1;Tercera;
Colegio Notarial de Aragón;Zaragoza;Calatayud;Calatayud;2;Segunda;
Colegio Notarial de Aragón;Zaragoza;Calatayud;Ateca;1;Tercera;
Colegio Notarial de Aragón;Zaragoza;Calatayud;Brea;1;Tercera;
Colegio Notarial de Aragón;Zaragoza;Caspe;Caspe;1;Tercera;
Colegio Notarial de Aragón;Zaragoza;Caspe;Maella;1;Tercera;
Colegio Notarial de Aragón;Zaragoza;Daroca;Daroca;1;Tercera;
Colegio Notarial de Aragón;Zaragoza;Daroca;Cariñena;1;Tercera;
Colegio Notarial de Aragón;Zaragoza;Ejea de los Caballeros;Ejea de los Caballeros;2;Tercera;
Colegio Notarial de Aragón;Zaragoza;Ejea de los Caballeros;Sádaba;1;Tercera;
Colegio Notarial de Aragón;Zaragoza;Ejea de los Caballeros;Sos del Rey Católico;1;Tercera;
Colegio Notarial de Aragón;Zaragoza;Ejea de los Caballeros;Tauste;1;Tercera;
Colegio Notarial de Aragón;Zaragoza;Tarazona;Tarazona;1;Tercera;
Colegio Notarial de Aragón;Zaragoza;Tarazona;Borja;1;Tercera;
Colegio Notarial de Aragón;Zaragoza;Zaragoza;Zaragoza;33;Primera;incluye barrios Delicias, Romareda, Actur y Las Fuentes (una cada uno)
Colegio Notarial de Aragón;Zaragoza;Zaragoza;Alagón;1;Tercera;
Colegio Notarial de Aragón;Zaragoza;Zaragoza;La Almunia de Doña Godina;1;Tercera;
Colegio Notarial de Aragón;Zaragoza;Zaragoza;Belchite;1;Tercera;
Colegio Notarial de Aragón;Zaragoza;Zaragoza;Épila;1;Tercera;
Colegio Notarial de Aragón;Zaragoza;Zaragoza;Fuentes de Ebro;1;Tercera;
Colegio Notarial de Aragón;Zaragoza;Zaragoza;Mallén;1;Tercera;
Colegio Notarial de Aragón;Zaragoza;Zaragoza;Pina;1;Tercera;
Colegio Notarial de Aragón;Zaragoza;Zaragoza;Zuera;1;Tercera;
Colegio Notarial de Aragón;Zaragoza;Zaragoza;Utebo;1;Tercera;
Colegio Notarial de Aragón;Zaragoza;Zaragoza;Cuarte de Huerva;1;Tercera;
Colegio Notarial de Asturias;Asturias;Avilés;Avilés;5;Primera;
Colegio Notarial de Asturias;Asturias;Avilés;Castrillón;1;Segunda;
Colegio Notarial de Asturias;Asturias;Cangas del Narcea;Cangas del Narcea;1;Segunda;
Colegio Notarial de Asturias;Asturias;Cangas del Narcea;Tineo;1;Segunda;
Colegio Notarial de Asturias;Asturias;Cangas de Onís;Cangas de Onís;1;Tercera;
Colegio Notarial de Asturias;Asturias;Cangas de Onís;Infiesto;1;Tercera;
Colegio Notarial de Asturias;Asturias;Cangas de Onís;Nava;1;Tercera;
Colegio Notarial de Asturias;Asturias;Cangas de Onís;Ribadesella;1;Tercera;
Colegio Notarial de Asturias;Asturias;Gijón;Gijón;12;Primera;
Colegio Notarial de Asturias;Asturias;Gijón;Colunga;1;Tercera;
Colegio Notarial de Asturias;Asturias;Gijón;Villaviciosa;2;Tercera;
Colegio Notarial de Asturias;Asturias;Gijón;Carreño;1;Tercera;
Colegio Notarial de Asturias;Asturias;Grado;Grado;1;Tercera;
Colegio Notarial de Asturias;Asturias;Grado;Belmonte de Miranda;1;Tercera;
Colegio Notarial de Asturias;Asturias;Grado;Cudillero;1;Tercera;
Colegio Notarial de Asturias;Asturias;Grado;Pravia;1;Tercera;
Colegio Notarial de Asturias;Asturias;Grado;Salas;1;Tercera;
Colegio Notarial de Asturias;Asturias;Laviana;Laviana;1;Tercera;
Colegio Notarial de Asturias;Asturias;Laviana;Langreo;2;Segunda;
Colegio Notarial de Asturias;Asturias;Laviana;San Martín del Rey Aurelio;1;Segunda;
Colegio Notarial de Asturias;Asturias;Lena;Lena;1;Tercera;
Colegio Notarial de Asturias;Asturias;Lena;Cabañaquinta;1;Tercera;
Colegio Notarial de Asturias;Asturias;Valdés;Valdés;1;Segunda;
Colegio Notarial de Asturias;Asturias;Valdés;Boal;1;Tercera;
Colegio Notarial de Asturias;Asturias;Valdés;Castropol;1;Tercera;
Colegio Notarial de Asturias;Asturias;Valdés;Navia;1;Tercera;
Colegio Notarial de Asturias;Asturias;Valdés;Trevias;1;Tercera;
Colegio Notarial de Asturias;Asturias;Valdés;Vegadeo;1;Tercera;
Colegio Notarial de Asturias;Asturias;Llanes;Llanes;2;Tercera;
Colegio Notarial de Asturias;Asturias;Llanes;Panes;1;Tercera;
Colegio Notarial de Asturias;Asturias;Llanes;Posada;1;Tercera;
Colegio Notarial de Asturias;Asturias;Mieres;Mieres;2;Segunda;
Colegio Notarial de Asturias;Asturias;Oviedo;Oviedo;13;Primera;
Colegio Notarial de Asturias;Asturias;Oviedo;Llanera;1;Tercera;
Colegio Notarial de Asturias;Asturias;Oviedo;Proaza;1;Tercera;
Colegio Notarial de Asturias;Asturias;Siero;Siero;3;Segunda;una de ellas debe instalarse en la pedanía de Lugones (Siero-Lugones)
Colegio Notarial de Cantabria;Cantabria;Laredo;Laredo;2;Tercera;
Colegio Notarial de Cantabria;Cantabria;Laredo;Ampuero;1;Tercera;
Colegio Notarial de Cantabria;Cantabria;Laredo;Castro-Urdiales;2;Segunda;
Colegio Notarial de Cantabria;Cantabria;Laredo;Ramales de la Victoria;1;Tercera;
Colegio Notarial de Cantabria;Cantabria;Reinosa;Reinosa;2;Tercera;
Colegio Notarial de Cantabria;Cantabria;Santander;Santander;13;Primera;
Colegio Notarial de Cantabria;Cantabria;Santander;El Astillero;1;Tercera;
Colegio Notarial de Cantabria;Cantabria;Santander;Camargo;2;Segunda;
Colegio Notarial de Cantabria;Cantabria;Santander;Corvera de Toranzo-Alceda;1;Tercera;
Colegio Notarial de Cantabria;Cantabria;Santander;Medio Cudeyo-Solares;1;Tercera;
Colegio Notarial de Cantabria;Cantabria;Santander;Piélagos-Renedo;1;Tercera;
Colegio Notarial de Cantabria;Cantabria;Santander;Villacarriedo;1;Tercera;
Colegio Notarial de Cantabria;Cantabria;Santoña;Santoña;2;Tercera;
Colegio Notarial de Cantabria;Cantabria;San Vicente de la Barquera;San Vicente de la Barquera;1;Tercera;
Colegio Notarial de Cantabria;Cantabria;San Vicente de la Barquera;Potes;1;Tercera;
Colegio Notarial de Cantabria;Cantabria;Torrelavega;Torrelavega;4;Segunda;
Colegio Notarial de Cantabria;Cantabria;Torrelavega;Cabezón de la Sal;1;Tercera;
Colegio Notarial de Cantabria;Cantabria;Torrelavega;Los Corrales de Buelna;1;Tercera;
Colegio Notarial de Cantabria;Cantabria;Torrelavega;Suances;1;Tercera;
Colegio Notarial de Castilla-La Mancha;Albacete;Albacete;Albacete;8;Primera;
Colegio Notarial de Castilla-La Mancha;Albacete;Albacete;Barrax;1;Tercera;
Colegio Notarial de Castilla-La Mancha;Albacete;Albacete;Casas Ibáñez;1;Tercera;
Colegio Notarial de Castilla-La Mancha;Albacete;Albacete;Chinchilla;1;Tercera;
Colegio Notarial de Castilla-La Mancha;Albacete;Alcaraz;Alcaraz;1;Tercera;
Colegio Notarial de Castilla-La Mancha;Albacete;Almansa;Almansa;2;Segunda;
Colegio Notarial de Castilla-La Mancha;Albacete;Almansa;Caudete;1;Tercera;
Colegio Notarial de Castilla-La Mancha;Albacete;Hellín;Hellín;2;Segunda;
Colegio Notarial de Castilla-La Mancha;Albacete;Hellín;Tobarra;1;Tercera;
Colegio Notarial de Castilla-La Mancha;Albacete;Hellín;Yeste-Elche de la Sierra;1;Tercera;
Colegio Notarial de Castilla-La Mancha;Albacete;La Roda;La Roda;2;Tercera;
Colegio Notarial de Castilla-La Mancha;Albacete;La Roda;Tarazona de la Mancha;1;Tercera;
Colegio Notarial de Castilla-La Mancha;Albacete;La Roda;Villarrobledo;2;Segunda;
Colegio Notarial de Castilla-La Mancha;Ciudad Real;Alcázar de San Juan;Alcázar de San Juan;2;Segunda;
Colegio Notarial de Castilla-La Mancha;Ciudad Real;Alcázar de San Juan;Argamasilla de Alba;1;Tercera;
Colegio Notarial de Castilla-La Mancha;Ciudad Real;Alcázar de San Juan;Campo de Criptana;1;Tercera;
Colegio Notarial de Castilla-La Mancha;Ciudad Real;Alcázar de San Juan;Herencia;1;Tercera;
Colegio Notarial de Castilla-La Mancha;Ciudad Real;Alcázar de San Juan;Pedro Muñoz;1;Tercera;
Colegio Notarial de Castilla-La Mancha;Ciudad Real;Alcázar de San Juan;Socuéllamos;1;Tercera;
Colegio Notarial de Castilla-La Mancha;Ciudad Real;Alcázar de San Juan;Tomelloso;2;Segunda;
Colegio Notarial de Castilla-La Mancha;Ciudad Real;Ciudad Real;Ciudad Real;4;Primera;
Colegio Notarial de Castilla-La Mancha;Ciudad Real;Ciudad Real;Almagro;1;Tercera;
Colegio Notarial de Castilla-La Mancha;Ciudad Real;Ciudad Real;Calzada de Calatrava;1;Tercera;
Colegio Notarial de Castilla-La Mancha;Ciudad Real;Ciudad Real;Malagón;1;Tercera;
Colegio Notarial de Castilla-La Mancha;Ciudad Real;Ciudad Real;Piedrabuena;1;Tercera;
Colegio Notarial de Castilla-La Mancha;Ciudad Real;Ciudad Real;Torralba de Calatrava;1;Tercera;
Colegio Notarial de Castilla-La Mancha;Ciudad Real;Ciudad Real;Miguelturra;1;Tercera;
Colegio Notarial de Castilla-La Mancha;Ciudad Real;Ciudad Real;Bolaños de Calatrava;1;Tercera;
Colegio Notarial de Castilla-La Mancha;Ciudad Real;Daimiel;Daimiel;1;Tercera;
Colegio Notarial de Castilla-La Mancha;Ciudad Real;Daimiel;Villarrubia de los Ojos;1;Tercera;
Colegio Notarial de Castilla-La Mancha;Ciudad Real;Manzanares;Manzanares;2;Segunda;
Colegio Notarial de Castilla-La Mancha;Ciudad Real;Manzanares;La Solana;1;Tercera;
Colegio Notarial de Castilla-La Mancha;Ciudad Real;Puertollano;Puertollano;3;Segunda;
Colegio Notarial de Castilla-La Mancha;Ciudad Real;Puertollano;Almadén;1;Tercera;
Colegio Notarial de Castilla-La Mancha;Ciudad Real;Puertollano;Almodóvar del Campo;1;Tercera;
Colegio Notarial de Castilla-La Mancha;Ciudad Real;Valdepeñas;Valdepeñas;2;Segunda;
Colegio Notarial de Castilla-La Mancha;Ciudad Real;Valdepeñas;Moral de Calatrava;1;Tercera;
Colegio Notarial de Castilla-La Mancha;Ciudad Real;Valdepeñas;Santa Cruz de Mudela;1;Tercera;
Colegio Notarial de Castilla-La Mancha;Ciudad Real;Villanueva de los Infantes;Villanueva de los Infantes;1;Tercera;
Colegio Notarial de Castilla-La Mancha;Ciudad Real;Villanueva de los Infantes;Villahermosa;1;Tercera;
Colegio Notarial de Castilla-La Mancha;Cuenca;Cuenca;Cuenca;4;Primera;
Colegio Notarial de Castilla-La Mancha;Cuenca;Cuenca;Priego;1;Tercera;
Colegio Notarial de Castilla-La Mancha;Cuenca;Motilla del Palancar;Motilla del Palancar;1;Tercera;
Colegio Notarial de Castilla-La Mancha;Cuenca;Motilla del Palancar;Quintanar del Rey;1;Tercera;
Colegio Notarial de Castilla-La Mancha;Cuenca;San Clemente;San Clemente;1;Tercera;
Colegio Notarial de Castilla-La Mancha;Cuenca;San Clemente;Belmonte-Las Pedroñeras;1;Tercera;
Colegio Notarial de Castilla-La Mancha;Cuenca;Tarancón;Tarancón;2;Tercera;
Colegio Notarial de Castilla-La Mancha;Cuenca;Tarancón;Horcajo de Santiago;1;Tercera;
Colegio Notarial de Castilla-La Mancha;Cuenca;Tarancón;Huete;1;Tercera;
Colegio Notarial de Castilla-La Mancha;Guadalajara;Guadalajara;Guadalajara;5;Primera;
Colegio Notarial de Castilla-La Mancha;Guadalajara;Guadalajara;Azuqueca de Henares;2;Segunda;
Colegio Notarial de Castilla-La Mancha;Guadalajara;Guadalajara;Brihuega;1;Tercera;
Colegio Notarial de Castilla-La Mancha;Guadalajara;Guadalajara;Cifuentes;1;Tercera;
Colegio Notarial de Castilla-La Mancha;Guadalajara;Guadalajara;Cogolludo;1;Tercera;
Colegio Notarial de Castilla-La Mancha;Guadalajara;Guadalajara;Pastrana;1;Tercera;
Colegio Notarial de Castilla-La Mancha;Guadalajara;Guadalajara;Sacedón;1;Tercera;
Colegio Notarial de Castilla-La Mancha;Guadalajara;Guadalajara;Cabanillas del Campo;1;Tercera;
Colegio Notarial de Castilla-La Mancha;Guadalajara;Molina de Aragón;Molina de Aragón;1;Tercera;
Colegio Notarial de Castilla-La Mancha;Guadalajara;Sigüenza;Sigüenza;1;Tercera;
Colegio Notarial de Castilla-La Mancha;Toledo;Ocaña;Ocaña;1;Tercera;
Colegio Notarial de Castilla-La Mancha;Toledo;Ocaña;Tembleque;1;Tercera;
Colegio Notarial de Castilla-La Mancha;Toledo;Ocaña;Villarrubia de Santiago;1;Tercera;
Colegio Notarial de Castilla-La Mancha;Toledo;Ocaña;Yepes;1;Tercera;
Colegio Notarial de Castilla-La Mancha;Toledo;Orgaz;Orgaz;1;Tercera;
Colegio Notarial de Castilla-La Mancha;Toledo;Orgaz;Consuegra;1;Tercera;
Colegio Notarial de Castilla-La Mancha;Toledo;Orgaz;Madridejos;1;Tercera;
Colegio Notarial de Castilla-La Mancha;Toledo;Orgaz;Mora;1;Tercera;
Colegio Notarial de Castilla-La Mancha;Toledo;Orgaz;Sonseca;1;Tercera;
Colegio Notarial de Castilla-La Mancha;Toledo;Quintanar de la Orden;Quintanar de la Orden;2;Tercera;
Colegio Notarial de Castilla-La Mancha;Toledo;Quintanar de la Orden;Corral de Almaguer;1;Tercera;
Colegio Notarial de Castilla-La Mancha;Toledo;Quintanar de la Orden;La Puebla de Almoradiel;1;Tercera;
Colegio Notarial de Castilla-La Mancha;Toledo;Quintanar de la Orden;Villacañas;1;Tercera;
Colegio Notarial de Castilla-La Mancha;Toledo;Talavera de la Reina;Talavera de la Reina;5;Primera;
Colegio Notarial de Castilla-La Mancha;Toledo;Talavera de la Reina;Belvís de la Jara;1;Tercera;
Colegio Notarial de Castilla-La Mancha;Toledo;Talavera de la Reina;Los Navalmorales;1;Tercera;
Colegio Notarial de Castilla-La Mancha;Toledo;Talavera de la Reina;Navamorcuende;1;Tercera;
Colegio Notarial de Castilla-La Mancha;Toledo;Talavera de la Reina;Oropesa;1;Tercera;
Colegio Notarial de Castilla-La Mancha;Toledo;Talavera de la Reina;Calera y Chozas;1;Tercera;
Colegio Notarial de Castilla-La Mancha;Toledo;Toledo;Toledo;6;Primera;
Colegio Notarial de Castilla-La Mancha;Toledo;Toledo;Illescas;3;Tercera;
Colegio Notarial de Castilla-La Mancha;Toledo;Toledo;Navahermosa;1;Tercera;
Colegio Notarial de Castilla-La Mancha;Toledo;Toledo;Villaluenga;1;Tercera;
Colegio Notarial de Castilla-La Mancha;Toledo;Toledo;Seseña;1;Tercera;
Colegio Notarial de Castilla-La Mancha;Toledo;Toledo;Bargas;1;Tercera;
Colegio Notarial de Castilla-La Mancha;Toledo;Torrijos;Torrijos;2;Tercera;
Colegio Notarial de Castilla-La Mancha;Toledo;Torrijos;Escalona;1;Tercera;
Colegio Notarial de Castilla-La Mancha;Toledo;Torrijos;Fuensalida;1;Tercera;
Colegio Notarial de Castilla-La Mancha;Toledo;Torrijos;La Puebla de Montalbán;1;Tercera;
Colegio Notarial de Castilla y León;Ávila;Arenas de San Pedro;Arenas de San Pedro;2;Tercera;
Colegio Notarial de Castilla y León;Ávila;Arenas de San Pedro;Sotillo de la Adrada;1;Tercera;
Colegio Notarial de Castilla y León;Ávila;Arévalo;Arévalo;1;Tercera;
Colegio Notarial de Castilla y León;Ávila;Arévalo;Fontiveros;1;Tercera;
Colegio Notarial de Castilla y León;Ávila;Arévalo;Madrigal de las Altas Torres;1;Tercera;
Colegio Notarial de Castilla y León;Ávila;Ávila;Ávila;4;Primera;
Colegio Notarial de Castilla y León;Ávila;Ávila;Cebreros;1;Tercera;
Colegio Notarial de Castilla y León;Ávila;Ávila;Las Navas del Marqués;1;Tercera;
Colegio Notarial de Castilla y León;Ávila;Piedrahíta;Piedrahíta;1;Tercera;
Colegio Notarial de Castilla y León;Ávila;Piedrahíta;El Barco de Ávila;1;Tercera;
Colegio Notarial de Castilla y León;Burgos;Aranda de Duero;Aranda de Duero;3;Segunda;
Colegio Notarial de Castilla y León;Burgos;Aranda de Duero;Roa;1;Tercera;
Colegio Notarial de Castilla y León;Burgos;Briviesca;Briviesca;1;Tercera;
Colegio Notarial de Castilla y León;Burgos;Burgos;Burgos;10;Primera;
Colegio Notarial de Castilla y León;Burgos;Burgos;Belorado;1;Tercera;
Colegio Notarial de Castilla y León;Burgos;Burgos;Castrojeriz;1;Tercera;
Colegio Notarial de Castilla y León;Burgos;Burgos;Melgar de Fernamental;1;Tercera;
Colegio Notarial de Castilla y León;Burgos;Burgos;Villadiego;1;Tercera;
Colegio Notarial de Castilla y León;Burgos;Lerma;Lerma;1;Tercera;
Colegio Notarial de Castilla y León;Burgos;Miranda de Ebro;Miranda de Ebro;2;Segunda;
Colegio Notarial de Castilla y León;Burgos;Salas de los Infantes;Salas de los Infantes;1;Tercera;
Colegio Notarial de Castilla y León;Burgos;Villarcayo de Merindad de Castilla la Vieja;Villarcayo de Merindad de Castilla la Vieja;1;Tercera;
Colegio Notarial de Castilla y León;Burgos;Villarcayo de Merindad de Castilla la Vieja;Espinosa de los Monteros;1;Tercera;
Colegio Notarial de Castilla y León;Burgos;Villarcayo de Merindad de Castilla la Vieja;Medina de Pomar;2;Tercera;
Colegio Notarial de Castilla y León;Burgos;Villarcayo de Merindad de Castilla la Vieja;Valle de Mena;1;Tercera;
Colegio Notarial de Castilla y León;León;Astorga;Astorga;2;Tercera;
Colegio Notarial de Castilla y León;León;Astorga;Benavides de Órbigo;1;Tercera;
Colegio Notarial de Castilla y León;León;Cistierna;Cistierna;1;Tercera;
Colegio Notarial de Castilla y León;León;La Bañeza;La Bañeza;2;Tercera;
Colegio Notarial de Castilla y León;León;León;León;9;Primera;
Colegio Notarial de Castilla y León;León;León;Mansilla de las Mulas;1;Tercera;
Colegio Notarial de Castilla y León;León;León;La Robla;1;Tercera;
Colegio Notarial de Castilla y León;León;León;Valderas;1;Tercera;
Colegio Notarial de Castilla y León;León;León;Valencia de Don Juan;1;Tercera;
Colegio Notarial de Castilla y León;León;León;San Andrés del Rabanedo;2;Segunda;
Colegio Notarial de Castilla y León;León;León;Villaquilambre;1;Tercera;
Colegio Notarial de Castilla y León;León;León;Villamañan;1;Tercera;
Colegio Notarial de Castilla y León;León;Ponferrada;Ponferrada;5;Segunda;
Colegio Notarial de Castilla y León;León;Ponferrada;Bembibre;1;Tercera;
Colegio Notarial de Castilla y León;León;Ponferrada;Fabero;1;Tercera;
Colegio Notarial de Castilla y León;León;Ponferrada;Villablino;1;Tercera;
Colegio Notarial de Castilla y León;León;Ponferrada;Villafranca del Bierzo;1;Tercera;
Colegio Notarial de Castilla y León;León;Ponferrada;Puente de Domingo Flórez;1;Tercera;
Colegio Notarial de Castilla y León;León;Sahagún;Sahagún;1;Tercera;
Colegio Notarial de Castilla y León;Palencia;Carrión de los Condes;Carrión de los Condes;1;Tercera;
Colegio Notarial de Castilla y León;Palencia;Carrión de los Condes;Herrera de Pisuerga;1;Tercera;
Colegio Notarial de Castilla y León;Palencia;Carrión de los Condes;Osorno;1;Tercera;
Colegio Notarial de Castilla y León;Palencia;Carrión de los Condes;Saldaña;1;Tercera;
Colegio Notarial de Castilla y León;Palencia;Cervera de Pisuerga;Cervera de Pisuerga;1;Tercera;
Colegio Notarial de Castilla y León;Palencia;Cervera de Pisuerga;Aguilar de Campoo;1;Tercera;
Colegio Notarial de Castilla y León;Palencia;Cervera de Pisuerga;Guardo;1;Tercera;
Colegio Notarial de Castilla y León;Palencia;Palencia;Palencia;5;Primera;
Colegio Notarial de Castilla y León;Palencia;Palencia;Astudillo;1;Tercera;
Colegio Notarial de Castilla y León;Palencia;Palencia;Baltanás;1;Tercera;
Colegio Notarial de Castilla y León;Palencia;Palencia;Frechilla;1;Tercera;
Colegio Notarial de Castilla y León;Palencia;Palencia;Paredes de Nava;1;Tercera;
Colegio Notarial de Castilla y León;Palencia;Palencia;Venta de Baños;1;Tercera;
Colegio Notarial de Castilla y León;Palencia;Palencia;Villada;1;Tercera;
Colegio Notarial de Castilla y León;Salamanca;Béjar;Béjar;2;Tercera;
Colegio Notarial de Castilla y León;Salamanca;Ciudad Rodrigo;Ciudad Rodrigo;2;Tercera;
Colegio Notarial de Castilla y León;Salamanca;Peñaranda de Bracamonte;Peñaranda de Bracamonte;1;Tercera;
Colegio Notarial de Castilla y León;Salamanca;Peñaranda de Bracamonte;Cantalapiedra;1;Tercera;
Colegio Notarial de Castilla y León;Salamanca;Salamanca;Salamanca;11;Primera;
Colegio Notarial de Castilla y León;Salamanca;Salamanca;Alba de Tormes;1;Tercera;
Colegio Notarial de Castilla y León;Salamanca;Salamanca;Guijuelo;1;Tercera;
Colegio Notarial de Castilla y León;Salamanca;Salamanca;La Vellés;1;Tercera;
Colegio Notarial de Castilla y León;Salamanca;Salamanca;Ledesma;1;Tercera;
Colegio Notarial de Castilla y León;Salamanca;Salamanca;Tamames;1;Tercera;
Colegio Notarial de Castilla y León;Salamanca;Vitigudino;Vitigudino;1;Tercera;
Colegio Notarial de Castilla y León;Salamanca;Vitigudino;Lumbrales;1;Tercera;
Colegio Notarial de Castilla y León;Segovia;Cuéllar;Cuéllar;1;Tercera;
Colegio Notarial de Castilla y León;Segovia;Segovia;Segovia;4;Primera;
Colegio Notarial de Castilla y León;Segovia;Segovia;El Espinar;1;Tercera;
Colegio Notarial de Castilla y León;Segovia;Segovia;Santa María la Real de Nieva;1;Tercera;
Colegio Notarial de Castilla y León;Segovia;Sepúlveda;Sepúlveda;1;Tercera;
Colegio Notarial de Castilla y León;Segovia;Sepúlveda;Riaza;1;Tercera;
Colegio Notarial de Castilla y León;Soria;Almazán;Almazán;1;Tercera;
Colegio Notarial de Castilla y León;Soria;Almazán;Arcos de Jalón;1;Tercera;
Colegio Notarial de Castilla y León;Soria;Burgo de Osma;Burgo de Osma-Ciudad de Osma;1;Tercera;
Colegio Notarial de Castilla y León;Soria;Soria;Soria;3;Primera;
Colegio Notarial de Castilla y León;Soria;Soria;Ágreda;1;Tercera;
Colegio Notarial de Castilla y León;Soria;Soria;San Leonardo de Yagüe;1;Tercera;
Colegio Notarial de Castilla y León;Valladolid;Medina del Campo;Medina del Campo;2;Segunda;
Colegio Notarial de Castilla y León;Valladolid;Medina del Campo;Nava del Rey;1;Tercera;
Colegio Notarial de Castilla y León;Valladolid;Medina del Campo;Olmedo;1;Tercera;
Colegio Notarial de Castilla y León;Valladolid;Medina de Rioseco;Medina de Rioseco;1;Tercera;
Colegio Notarial de Castilla y León;Valladolid;Medina de Rioseco;Villalón de Campos;1;Tercera;
Colegio Notarial de Castilla y León;Valladolid;Valladolid;Valladolid;18;Primera;
Colegio Notarial de Castilla y León;Valladolid;Valladolid;Peñafiel;1;Tercera;
Colegio Notarial de Castilla y León;Valladolid;Valladolid;Íscar-Portillo;1;Tercera;
Colegio Notarial de Castilla y León;Valladolid;Valladolid;Tordesillas;1;Tercera;
Colegio Notarial de Castilla y León;Valladolid;Valladolid;Tudela de Duero;1;Tercera;
Colegio Notarial de Castilla y León;Valladolid;Valladolid;Valoria la Buena;1;Tercera;
Colegio Notarial de Castilla y León;Valladolid;Valladolid;Laguna de Duero;1;Segunda;
Colegio Notarial de Castilla y León;Zamora;Benavente;Benavente;2;Tercera;
Colegio Notarial de Castilla y León;Zamora;Puebla de Sanabria;Puebla de Sanabria;1;Tercera;
Colegio Notarial de Castilla y León;Zamora;Toro;Toro;2;Tercera;
Colegio Notarial de Castilla y León;Zamora;Villalpando;Villalpando;1;Tercera;
Colegio Notarial de Castilla y León;Zamora;Zamora;Zamora;5;Primera;
Colegio Notarial de Castilla y León;Zamora;Zamora;Alcañices;1;Tercera;
Colegio Notarial de Castilla y León;Zamora;Zamora;Bermillo de Sayago;1;Tercera;
Colegio Notarial de Castilla y León;Zamora;Zamora;Fuentesaúco;1;Tercera;
Colegio Notarial de Cataluña;Barcelona;Distrito de Arenys de Mar;Arenys de Mar;1;Tercera;
Colegio Notarial de Cataluña;Barcelona;Distrito de Arenys de Mar;Calella;2;Tercera;
Colegio Notarial de Cataluña;Barcelona;Distrito de Arenys de Mar;Canet de Mar;1;Tercera;
Colegio Notarial de Cataluña;Barcelona;Distrito de Arenys de Mar;Malgrat de Mar;2;Tercera;
Colegio Notarial de Cataluña;Barcelona;Distrito de Arenys de Mar;Pineda de Mar;2;Segunda;
Colegio Notarial de Cataluña;Barcelona;Distrito de Arenys de Mar;Sant Celoni;2;Tercera;
Colegio Notarial de Cataluña;Barcelona;Distrito de Arenys de Mar;Tordera;1;Tercera;
Colegio Notarial de Cataluña;Barcelona;Distrito de Arenys de Mar;Arenys de Munt;1;Tercera;
Colegio Notarial de Cataluña;Barcelona;Distrito de Badalona;Badalona;7;Primera;
Colegio Notarial de Cataluña;Barcelona;Distrito de Barcelona;Barcelona;129;Primera;
Colegio Notarial de Cataluña;Barcelona;Distrito de Berga;Berga;2;Tercera;
Colegio Notarial de Cataluña;Barcelona;Distrito de Berga;Cardona;1;Tercera;
Colegio Notarial de Cataluña;Barcelona;Distrito de Berga;Prats de Lluçanès;1;Tercera;
Colegio Notarial de Cataluña;Barcelona;Distrito de Berga;Puig-reig;1;Tercera;
Colegio Notarial de Cataluña;Barcelona;Distrito de Granollers;Granollers;5;Segunda;
Colegio Notarial de Cataluña;Barcelona;Distrito de Granollers;Caldes de Montbui;2;Tercera;
Colegio Notarial de Cataluña;Barcelona;Distrito de Granollers;Cardedeu;1;Tercera;
Colegio Notarial de Cataluña;Barcelona;Distrito de Granollers;La Garriga;2;Tercera;
Colegio Notarial de Cataluña;Barcelona;Distrito de Granollers;Mollet del Vallès;3;Segunda;
Colegio Notarial de Cataluña;Barcelona;Distrito de Granollers;Montornès del Vallès;1;Tercera;
Colegio Notarial de Cataluña;Barcelona;Distrito de Granollers;Parets del Vallès;1;Tercera;
Colegio Notarial de Cataluña;Barcelona;Distrito de Granollers;La Roca del Vallès;1;Tercera;
Colegio Notarial de Cataluña;Barcelona;Distrito de Granollers;Llinars del Vallès;1;Tercera;
Colegio Notarial de Cataluña;Barcelona;Distrito de Granollers;Canovelles;1;Tercera;
Colegio Notarial de Cataluña;Barcelona;Distrito de Granollers;La Llagosta;1;Tercera;
Colegio Notarial de Cataluña;Barcelona;Distrito de Granollers;Les Franqueses del Vallès;1;Tercera;
Colegio Notarial de Cataluña;Barcelona;Distrito de Granollers;Montmeló;1;Tercera;
Colegio Notarial de Cataluña;Barcelona;Distrito de Granollers;Lliçà d’Amunt;1;Tercera;
Colegio Notarial de Cataluña;Barcelona;Distrito de L’Hospitalet de Llobregat;L’Hospitalet de Llobregat;10;Primera;
Colegio Notarial de Cataluña;Barcelona;Distrito de L’Hospitalet de Llobregat;Cornellà de Llobregat;4;Primera;
Colegio Notarial de Cataluña;Barcelona;Distrito de L’Hospitalet de Llobregat;El Prat de Llobregat;3;Segunda;
Colegio Notarial de Cataluña;Barcelona;Distrito de Igualada;Igualada;3;Segunda;
Colegio Notarial de Cataluña;Barcelona;Distrito de Igualada;Calaf;1;Tercera;
Colegio Notarial de Cataluña;Barcelona;Distrito de Igualada;Capellades;1;Tercera;
Colegio Notarial de Cataluña;Barcelona;Distrito de Igualada;Piera;1;Tercera;
Colegio Notarial de Cataluña;Barcelona;Distrito de Igualada;Santa Margarida de Montbui;1;Tercera;
Colegio Notarial de Cataluña;Barcelona;Distrito de Igualada;Vilanova del Camí;1;Tercera;
Colegio Notarial de Cataluña;Barcelona;Distrito de Manresa;Manresa;6;Segunda;
Colegio Notarial de Cataluña;Barcelona;Distrito de Manresa;Sallent;1;Tercera;
Colegio Notarial de Cataluña;Barcelona;Distrito de Manresa;Sant Vicenç de Castellet;1;Tercera;
Colegio Notarial de Cataluña;Barcelona;Distrito de Manresa;Sant Joan de Vilatorrada;1;Tercera;
Colegio Notarial de Cataluña;Barcelona;Distrito de Manresa;Santpedor;1;Tercera;
Colegio Notarial de Cataluña;Barcelona;Distrito de Mataró;Mataró;7;Primera;
Colegio Notarial de Cataluña;Barcelona;Distrito de Mataró;Argentona;1;Tercera;
Colegio Notarial de Cataluña;Barcelona;Distrito de Mataró;Caldes d’Estrac;1;Tercera;
Colegio Notarial de Cataluña;Barcelona;Distrito de Mataró;El Masnou;2;Segunda;
Colegio Notarial de Cataluña;Barcelona;Distrito de Mataró;Premià de Mar;2;Segunda;
Colegio Notarial de Cataluña;Barcelona;Distrito de Mataró;Vilassar de Dalt;1;Tercera;
Colegio Notarial de Cataluña;Barcelona;Distrito de Mataró;Cabrils;1;Tercera;
Colegio Notarial de Cataluña;Barcelona;Distrito de Mataró;Montgat;1;Tercera;
Colegio Notarial de Cataluña;Barcelona;Distrito de Mataró;Vilassar de Mar;1;Segunda;
Colegio Notarial de Cataluña;Barcelona;Distrito de Sabadell;Sabadell;13;Primera;
Colegio Notarial de Cataluña;Barcelona;Distrito de Sabadell;Sant Quirze del Vallès;1;Tercera;
Colegio Notarial de Cataluña;Barcelona;Distrito de Sabadell;Barberà del Vallès;2;Segunda;
Colegio Notarial de Cataluña;Barcelona;Distrito de Sabadell;Montcada i Reixac;2;Segunda;
Colegio Notarial de Cataluña;Barcelona;Distrito de Sabadell;Ripollet;2;Segunda;
Colegio Notarial de Cataluña;Barcelona;Distrito de Sabadell;Cerdanyola del Vallès;3;Segunda;
Colegio Notarial de Cataluña;Barcelona;Distrito de Sabadell;Castellar del Vallès;1;Segunda;
Colegio Notarial de Cataluña;Barcelona;Distrito de Sabadell;Santa Perpètua de Mogoda;1;Segunda;
Colegio Notarial de Cataluña;Barcelona;Distrito de Sabadell;Palau-solità i Plegamans;1;Tercera;
Colegio Notarial de Cataluña;Barcelona;Distrito de Sabadell;Badia del Vallès;1;Tercera;
Colegio Notarial de Cataluña;Barcelona;Distrito de Sant Boi de Llobregat;Sant Boi de Llobregat;4;Primera;
Colegio Notarial de Cataluña;Barcelona;Distrito de Sant Boi de Llobregat;Castelldefels;3;Segunda;
Colegio Notarial de Cataluña;Barcelona;Distrito de Sant Boi de Llobregat;Gavà;3;Segunda;
Colegio Notarial de Cataluña;Barcelona;Distrito de Sant Boi de Llobregat;Viladecans;3;Segunda;
Colegio Notarial de Cataluña;Barcelona;Distrito de Sant Feliu de Llobregat;Sant Feliu de Llobregat;3;Segunda;
Colegio Notarial de Cataluña;Barcelona;Distrito de Sant Feliu de Llobregat;Esparreguera;2;Segunda;
Colegio Notarial de Cataluña;Barcelona;Distrito de Sant Feliu de Llobregat;Esplugues de Llobregat;4;Segunda;
Colegio Notarial de Cataluña;Barcelona;Distrito de Sant Feliu de Llobregat;Martorell;2;Segunda;
Colegio Notarial de Cataluña;Barcelona;Distrito de Sant Feliu de Llobregat;Molins de Rei;2;Segunda;
Colegio Notarial de Cataluña;Barcelona;Distrito de Sant Feliu de Llobregat;Sant Andreu de la Barca;2;Segunda;
Colegio Notarial de Cataluña;Barcelona;Distrito de Sant Feliu de Llobregat;Sant Joan Despí;2;Segunda;
Colegio Notarial de Cataluña;Barcelona;Distrito de Sant Feliu de Llobregat;Sant Just Desvern;1;Tercera;
Colegio Notarial de Cataluña;Barcelona;Distrito de Sant Feliu de Llobregat;Sant Vicenç dels Horts;2;Segunda;
Colegio Notarial de Cataluña;Barcelona;Distrito de Sant Feliu de Llobregat;Pallejà;1;Tercera;
Colegio Notarial de Cataluña;Barcelona;Distrito de Sant Feliu de Llobregat;Vallirana;1;Tercera;
Colegio Notarial de Cataluña;Barcelona;Distrito de Sant Feliu de Llobregat;Abrera;1;Tercera;
Colegio Notarial de Cataluña;Barcelona;Distrito de Sant Feliu de Llobregat;Corbera de Llobregat;1;Tercera;
Colegio Notarial de Cataluña;Barcelona;Distrito de Santa Coloma de Gramenet;Santa Coloma de Gramenet;4;Primera;
Colegio Notarial de Cataluña;Barcelona;Distrito de Santa Coloma de Gramenet;Sant Adrià de Besòs;2;Segunda;
Colegio Notarial de Cataluña;Barcelona;Distrito de Terrassa;Terrassa;10;Primera;
Colegio Notarial de Cataluña;Barcelona;Distrito de Terrassa;Olesa de Montserrat;1;Segunda;
Colegio Notarial de Cataluña;Barcelona;Distrito de Terrassa;Rubí;3;Segunda;
Colegio Notarial de Cataluña;Barcelona;Distrito de Terrassa;Sant Cugat del Vallès;3;Segunda;
Colegio Notarial de Cataluña;Barcelona;Distrito de Terrassa;Castellbisbal;1;Tercera;
Colegio Notarial de Cataluña;Barcelona;Distrito de Vic;Vic;5;Segunda;
Colegio Notarial de Cataluña;Barcelona;Distrito de Vic;Manlleu;2;Segunda;
Colegio Notarial de Cataluña;Barcelona;Distrito de Vic;Torelló;1;Tercera;
Colegio Notarial de Cataluña;Barcelona;Distrito de Vilafranca del Penedès;Vilafranca del Penedès;3;Segunda;
Colegio Notarial de Cataluña;Barcelona;Distrito de Vilafranca del Penedès;Sant Sadurní d’Anoia;1;Tercera;
Colegio Notarial de Cataluña;Barcelona;Distrito de Vilafranca del Penedès;Santa Margarida i els Monjos;1;Tercera;
Colegio Notarial de Cataluña;Barcelona;Distrito de Vilanova i la Geltrú;Vilanova i la Geltrú;4;Segunda;
Colegio Notarial de Cataluña;Barcelona;Distrito de Vilanova i la Geltrú;Sitges;2;Segunda;
Colegio Notarial de Cataluña;Barcelona;Distrito de Vilanova i la Geltrú;Sant Pere de Ribes;2;Segunda;
Colegio Notarial de Cataluña;Barcelona;Distrito de Vilanova i la Geltrú;Cubelles;1;Tercera;
Colegio Notarial de Cataluña;Girona;Distrito de Figueres;Figueres;5;Segunda;
Colegio Notarial de Cataluña;Girona;Distrito de Figueres;Castelló d’Empúries;1;Tercera;
Colegio Notarial de Cataluña;Girona;Distrito de Figueres;Llançà;1;Tercera;
Colegio Notarial de Cataluña;Girona;Distrito de Figueres;Roses;2;Tercera;
Colegio Notarial de Cataluña;Girona;Distrito de Figueres;Cadaqués;1;Tercera;
Colegio Notarial de Cataluña;Girona;Distrito de Girona;Girona;9;Primera;
Colegio Notarial de Cataluña;Girona;Distrito de Girona;Amer;1;Tercera;
Colegio Notarial de Cataluña;Girona;Distrito de Girona;Banyoles;2;Tercera;
Colegio Notarial de Cataluña;Girona;Distrito de Girona;Cassà de la Selva;1;Tercera;
Colegio Notarial de Cataluña;Girona;Distrito de Girona;L’Escala;2;Tercera;
Colegio Notarial de Cataluña;Girona;Distrito de Girona;Salt;2;Segunda;
Colegio Notarial de Cataluña;Girona;Distrito de La Bisbal d’Empordà;La Bisbal d’Empordà;2;Tercera;
Colegio Notarial de Cataluña;Girona;Distrito de La Bisbal d’Empordà;Begur;1;Tercera;
Colegio Notarial de Cataluña;Girona;Distrito de La Bisbal d’Empordà;Castell-Platja d’Aro;1;Tercera;
Colegio Notarial de Cataluña;Girona;Distrito de La Bisbal d’Empordà;Palafrugell;2;Segunda;
Colegio Notarial de Cataluña;Girona;Distrito de La Bisbal d’Empordà;Palamós;2;Tercera;
Colegio Notarial de Cataluña;Girona;Distrito de La Bisbal d’Empordà;Sant Feliu de Guíxols;2;Segunda;
Colegio Notarial de Cataluña;Girona;Distrito de La Bisbal d’Empordà;Torroella de Montgrí;2;Tercera;
Colegio Notarial de Cataluña;Girona;Distrito de La Bisbal d’Empordà;Calonge;1;Tercera;
Colegio Notarial de Cataluña;Girona;Distrito de Olot;Olot;3;Segunda;
Colegio Notarial de Cataluña;Girona;Distrito de Olot;Besalú;1;Tercera;
Colegio Notarial de Cataluña;Girona;Distrito de Puigcerdà;Puigcerdà;1;Tercera;
Colegio Notarial de Cataluña;Girona;Distrito de Puigcerdà;Camprodon;1;Tercera;
Colegio Notarial de Cataluña;Girona;Distrito de Puigcerdà;Ripoll;2;Tercera;
Colegio Notarial de Cataluña;Girona;Distrito de Santa Coloma de Farners;Santa Coloma de Farners;2;Tercera;
Colegio Notarial de Cataluña;Girona;Distrito de Santa Coloma de Farners;Arbúcies;1;Tercera;
Colegio Notarial de Cataluña;Girona;Distrito de Santa Coloma de Farners;Blanes;3;Segunda;
Colegio Notarial de Cataluña;Girona;Distrito de Santa Coloma de Farners;Lloret de Mar;2;Segunda;
Colegio Notarial de Cataluña;Girona;Distrito de Santa Coloma de Farners;Tossa de Mar;1;Tercera;
Colegio Notarial de Cataluña;Girona;Distrito de Santa Coloma de Farners;Hostalric;1;Tercera;
Colegio Notarial de Cataluña;Girona;Distrito de Santa Coloma de Farners;Vidreres;1;Tercera;
Colegio Notarial de Cataluña;Lleida;Distrito de Balaguer;Balaguer;2;Tercera;
Colegio Notarial de Cataluña;Lleida;Distrito de Balaguer;Agramunt;1;Tercera;
Colegio Notarial de Cataluña;Lleida;Distrito de Balaguer;Almenar;1;Tercera;
Colegio Notarial de Cataluña;Lleida;Distrito de Balaguer;Artesa de Segre;1;Tercera;
Colegio Notarial de Cataluña;Lleida;Distrito de Balaguer;Ponts;1;Tercera;
Colegio Notarial de Cataluña;Lleida;Distrito de Cervera;Cervera;1;Tercera;
Colegio Notarial de Cataluña;Lleida;Distrito de Cervera;Bellpuig;1;Tercera;
Colegio Notarial de Cataluña;Lleida;Distrito de Cervera;Tàrrega;2;Tercera;
Colegio Notarial de Cataluña;Lleida;Distrito de Cervera;Guissona;1;Tercera;
Colegio Notarial de Cataluña;Lleida;Distrito de Lleida;Lleida;10;Primera;
Colegio Notarial de Cataluña;Lleida;Distrito de Lleida;Les Borges Blanques;1;Tercera;
Colegio Notarial de Cataluña;Lleida;Distrito de Lleida;Mollerussa;2;Tercera;
Colegio Notarial de Cataluña;Lleida;Distrito de Lleida;Seròs;1;Tercera;
Colegio Notarial de Cataluña;Lleida;Distrito de Lleida;Almacelles;1;Tercera;
Colegio Notarial de Cataluña;Lleida;Distrito de La Seu d’Urgell;La Seu d’Urgell;2;Tercera;
Colegio Notarial de Cataluña;Lleida;Distrito de La Seu d’Urgell;Solsona;1;Tercera;
Colegio Notarial de Cataluña;Lleida;Distrito de Tremp;Tremp;1;Tercera;
Colegio Notarial de Cataluña;Lleida;Distrito de Tremp;La Pobla de Segur;1;Tercera;
Colegio Notarial de Cataluña;Lleida;Distrito de Tremp;Sort;1;Tercera;
Colegio Notarial de Cataluña;Lleida;Distrito de Tremp;El Pont de Suert;1;Tercera;
Colegio Notarial de Cataluña;Lleida;Distrito de Vielha e Mijaran;Vielha e Mijaran;1;Tercera;
Colegio Notarial de Cataluña;Tarragona;Distrito de Reus;Reus;6;Primera;
Colegio Notarial de Cataluña;Tarragona;Distrito de Reus;Cambrils;3;Segunda;
Colegio Notarial de Cataluña;Tarragona;Distrito de Reus;Falset;1;Tercera;
Colegio Notarial de Cataluña;Tarragona;Distrito de Reus;Móra d’Ebre;1;Tercera;
Colegio Notarial de Cataluña;Tarragona;Distrito de Reus;Móra la Nova;1;Tercera;
Colegio Notarial de Cataluña;Tarragona;Distrito de Reus;Vandellòs i l’Hospitalet de l’Infant;1;Tercera;
Colegio Notarial de Cataluña;Tarragona;Distrito de Reus;Mont-roig del Camp;1;Tercera;
Colegio Notarial de Cataluña;Tarragona;Distrito de Reus;La Selva del Camp;1;Tercera;
Colegio Notarial de Cataluña;Tarragona;Distrito de Tarragona;Tarragona;9;Primera;
Colegio Notarial de Cataluña;Tarragona;Distrito de Tarragona;Salou;3;Segunda;
Colegio Notarial de Cataluña;Tarragona;Distrito de Tarragona;Vila-seca;2;Tercera;
Colegio Notarial de Cataluña;Tarragona;Distrito de Tarragona;Constantí;1;Tercera;
Colegio Notarial de Cataluña;Tarragona;Distrito de Tortosa;Tortosa;3;Segunda;
Colegio Notarial de Cataluña;Tarragona;Distrito de Tortosa;Alcanar;1;Tercera;
Colegio Notarial de Cataluña;Tarragona;Distrito de Tortosa;L’Ametlla de Mar;1;Tercera;
Colegio Notarial de Cataluña;Tarragona;Distrito de Tortosa;Amposta;2;Segunda;
Colegio Notarial de Cataluña;Tarragona;Distrito de Tortosa;La Sénia;1;Tercera;
Colegio Notarial de Cataluña;Tarragona;Distrito de Tortosa;Xerta;1;Tercera;
Colegio Notarial de Cataluña;Tarragona;Distrito de Tortosa;Deltebre;1;Tercera;
Colegio Notarial de Cataluña;Tarragona;Distrito de Tortosa;Flix;1;Tercera;
Colegio Notarial de Cataluña;Tarragona;Distrito de Tortosa;Gandesa;1;Tercera;
Colegio Notarial de Cataluña;Tarragona;Distrito de Tortosa;Roquetes;1;Tercera;
Colegio Notarial de Cataluña;Tarragona;Distrito de Tortosa;Sant Carles de la Ràpita;1;Tercera;
Colegio Notarial de Cataluña;Tarragona;Distrito de Tortosa;Santa Bàrbara;1;Tercera;
Colegio Notarial de Cataluña;Tarragona;Distrito de Tortosa;Ulldecona;1;Tercera;
Colegio Notarial de Cataluña;Tarragona;Distrito de Valls;Valls;2;Segunda;
Colegio Notarial de Cataluña;Tarragona;Distrito de Valls;L’Espluga de Francolí;1;Tercera;
Colegio Notarial de Cataluña;Tarragona;Distrito de Valls;Montblanc;1;Tercera;
Colegio Notarial de Cataluña;Tarragona;Distrito de Valls;Santa Coloma de Queralt;1;Tercera;
Colegio Notarial de Cataluña;Tarragona;Distrito de El Vendrell;El Vendrell;3;Segunda;
Colegio Notarial de Cataluña;Tarragona;Distrito de El Vendrell;L’Arboç;1;Tercera;
Colegio Notarial de Cataluña;Tarragona;Distrito de El Vendrell;Calafell;2;Tercera;
Colegio Notarial de Cataluña;Tarragona;Distrito de El Vendrell;Torredembarra;2;Tercera;
Colegio Notarial de Cataluña;Tarragona;Distrito de El Vendrell;Roda de Berà;1;Tercera;
Colegio Notarial de Cataluña;Tarragona;Distrito de El Vendrell;Cunit;1;Tercera;
Colegio Notarial de Extremadura;Badajoz;Almendralejo;Almendralejo;2;Segunda;
Colegio Notarial de Extremadura;Badajoz;Almendralejo;Hornachos;1;Tercera;
Colegio Notarial de Extremadura;Badajoz;Almendralejo;Santa Marta;1;Tercera;
Colegio Notarial de Extremadura;Badajoz;Almendralejo;Villafranca de los Barros;1;Tercera;
Colegio Notarial de Extremadura;Badajoz;Badajoz;Badajoz;8;Primera;
Colegio Notarial de Extremadura;Badajoz;Badajoz;Alburquerque;1;Tercera;
Colegio Notarial de Extremadura;Badajoz;Badajoz;San Vicente de Alcántara;1;Tercera;
Colegio Notarial de Extremadura;Badajoz;Castuera;Castuera;1;Tercera;
Colegio Notarial de Extremadura;Badajoz;Castuera;Cabeza del Buey;1;Tercera;
Colegio Notarial de Extremadura;Badajoz;Castuera;Zalamea de la Serena;1;Tercera;
Colegio Notarial de Extremadura;Badajoz;Don Benito;Don Benito;2;Segunda;
Colegio Notarial de Extremadura;Badajoz;Don Benito;Guareña;1;Tercera;
Colegio Notarial de Extremadura;Badajoz;Fregenal de la Sierra;Fregenal de la Sierra;1;Tercera;
Colegio Notarial de Extremadura;Badajoz;Fregenal de la Sierra;Segura de León;1;Tercera;
Colegio Notarial de Extremadura;Badajoz;Herrera del Duque;Herrera del Duque;1;Tercera;
Colegio Notarial de Extremadura;Badajoz;Herrera del Duque;Puebla de Alcocer;1;Tercera;
Colegio Notarial de Extremadura;Badajoz;Jerez de los Caballeros;Jerez de los Caballeros;1;Tercera;
Colegio Notarial de Extremadura;Badajoz;Jerez de los Caballeros;Barcarrota;1;Tercera;
Colegio Notarial de Extremadura;Badajoz;Llerena;Llerena;1;Tercera;
Colegio Notarial de Extremadura;Badajoz;Llerena;Azuaga;1;Tercera;
Colegio Notarial de Extremadura;Badajoz;Llerena;Berlanga;1;Tercera;
Colegio Notarial de Extremadura;Badajoz;Mérida;Mérida;4;Primera;
Colegio Notarial de Extremadura;Badajoz;Mérida;Montijo;2;Tercera;
Colegio Notarial de Extremadura;Badajoz;Olivenza;Olivenza;1;Tercera;
Colegio Notarial de Extremadura;Badajoz;Olivenza;Almendral;1;Tercera;
Colegio Notarial de Extremadura;Badajoz;Villanueva de la Serena;Villanueva de la Serena;2;Segunda;
Colegio Notarial de Extremadura;Badajoz;Villanueva de la Serena;Campanario;1;Tercera;
Colegio Notarial de Extremadura;Badajoz;Zafra;Zafra;2;Tercera;
Colegio Notarial de Extremadura;Badajoz;Zafra;Fuente de Cantos;1;Tercera;
Colegio Notarial de Extremadura;Badajoz;Zafra;Fuente del Maestre;1;Tercera;
Colegio Notarial de Extremadura;Badajoz;Zafra;Monesterio;1;Tercera;
Colegio Notarial de Extremadura;Badajoz;Zafra;Los Santos de Maimona;1;Tercera;
Colegio Notarial de Extremadura;Cáceres;Cáceres;Cáceres;5;Primera;
Colegio Notarial de Extremadura;Cáceres;Cáceres;Alcántara;1;Tercera;
Colegio Notarial de Extremadura;Cáceres;Cáceres;Arroyo de la Luz;1;Tercera;
Colegio Notarial de Extremadura;Cáceres;Cáceres;Garrovillas;1;Tercera;
Colegio Notarial de Extremadura;Cáceres;Cáceres;Montánchez;1;Tercera;
Colegio Notarial de Extremadura;Cáceres;Coria;Coria;1;Tercera;
Colegio Notarial de Extremadura;Cáceres;Coria;Hoyos;1;Tercera;
Colegio Notarial de Extremadura;Cáceres;Coria;Torrejoncillo;1;Tercera;
Colegio Notarial de Extremadura;Cáceres;Coria;Moraleja;1;Tercera;
Colegio Notarial de Extremadura;Cáceres;Navalmoral de la Mata;Navalmoral de la Mata;2;Tercera;
Colegio Notarial de Extremadura;Cáceres;Navalmoral de la Mata;Jarandilla de la Vera;1;Tercera;
Colegio Notarial de Extremadura;Cáceres;Navalmoral de la Mata;Talayuela;1;Tercera;
Colegio Notarial de Extremadura;Cáceres;Plasencia;Plasencia;3;Segunda;
Colegio Notarial de Extremadura;Cáceres;Plasencia;Hervás;1;Tercera;
Colegio Notarial de Extremadura;Cáceres;Plasencia;Jaraiz de la Vera;1;Tercera;
Colegio Notarial de Extremadura;Cáceres;Trujillo;Trujillo;1;Tercera;
Colegio Notarial de Extremadura;Cáceres;Trujillo;Guadalupe;1;Tercera;
Colegio Notarial de Extremadura;Cáceres;Trujillo;Logrosán;1;Tercera;
Colegio Notarial de Extremadura;Cáceres;Trujillo;Miajadas;1;Tercera;
Colegio Notarial de Extremadura;Cáceres;Valencia de Alcántara;Valencia de Alcántara;1;Tercera;
Colegio Notarial de Galicia;A Coruña;Betanzos;Betanzos;2;Tercera;
Colegio Notarial de Galicia;A Coruña;Betanzos;Pontedeume;1;Tercera;
Colegio Notarial de Galicia;A Coruña;Betanzos;Sada;1;Tercera;
Colegio Notarial de Galicia;A Coruña;Carballo;Carballo;2;Segunda;
Colegio Notarial de Galicia;A Coruña;Carballo;Ponteceso;1;Tercera;
Colegio Notarial de Galicia;A Coruña;Corcubión;Corcubión;1;Tercera;
Colegio Notarial de Galicia;A Coruña;Corcubión;Vimianzo;1;Tercera;
Colegio Notarial de Galicia;A Coruña;Corcubión;Muxía;1;Tercera;
Colegio Notarial de Galicia;A Coruña;A Coruña;A Coruña;16;Primera;
Colegio Notarial de Galicia;A Coruña;A Coruña;Santa María de Oleiros;2;Segunda;
Colegio Notarial de Galicia;A Coruña;A Coruña;Arteixo;2;Segunda;
Colegio Notarial de Galicia;A Coruña;A Coruña;Culleredo;1;Segunda;
Colegio Notarial de Galicia;A Coruña;A Coruña;Cambre;1;Segunda;
Colegio Notarial de Galicia;A Coruña;Ferrol;Ferrol;4;Primera;
Colegio Notarial de Galicia;A Coruña;Ferrol;Cedeira;1;Tercera;
Colegio Notarial de Galicia;A Coruña;Ferrol;Mugardos;1;Tercera;
Colegio Notarial de Galicia;A Coruña;Ferrol;Fene;1;Tercera;
Colegio Notarial de Galicia;A Coruña;Ferrol;Ortigueira;1;Tercera;
Colegio Notarial de Galicia;A Coruña;Ferrol;As Pontes de García Rodríguez;1;Tercera;
Colegio Notarial de Galicia;A Coruña;Ferrol;San Sadurniño;1;Tercera;
Colegio Notarial de Galicia;A Coruña;Ferrol;Narón;2;Segunda;
Colegio Notarial de Galicia;A Coruña;Noia;Noia;1;Tercera;
Colegio Notarial de Galicia;A Coruña;Noia;Muros;1;Tercera;
Colegio Notarial de Galicia;A Coruña;Noia;A Pobra do Caramiñal;1;Tercera;
Colegio Notarial de Galicia;A Coruña;Noia;Porto do Son;1;Tercera;
Colegio Notarial de Galicia;A Coruña;Noia;Ribeira;2;Segunda;
Colegio Notarial de Galicia;A Coruña;Noia;Boiro;1;Segunda;
Colegio Notarial de Galicia;A Coruña;Noia;Outes;1;Tercera;
Colegio Notarial de Galicia;A Coruña;Santiago de Compostela;Santiago de Compostela;7;Primera;
Colegio Notarial de Galicia;A Coruña;Santiago de Compostela;Arzúa;1;Tercera;
Colegio Notarial de Galicia;A Coruña;Santiago de Compostela;Melide;1;Tercera;
Colegio Notarial de Galicia;A Coruña;Santiago de Compostela;Negreira;1;Tercera;
Colegio Notarial de Galicia;A Coruña;Santiago de Compostela;Ordes;2;Tercera;
Colegio Notarial de Galicia;A Coruña;Santiago de Compostela;Padrón;1;Tercera;
Colegio Notarial de Galicia;A Coruña;Santiago de Compostela;Rianxo;1;Tercera;
Colegio Notarial de Galicia;A Coruña;Santiago de Compostela;Santa Comba;1;Tercera;
Colegio Notarial de Galicia;A Coruña;Santiago de Compostela;Ames;1;Segunda;
Colegio Notarial de Galicia;A Coruña;Santiago de Compostela;Teo;1;Tercera;
Colegio Notarial de Galicia;Lugo;Chantada;Chantada;1;Tercera;
Colegio Notarial de Galicia;Lugo;Chantada;Monterroso;1;Tercera;
Colegio Notarial de Galicia;Lugo;Chantada;Palas de Rei;1;Tercera;
Colegio Notarial de Galicia;Lugo;A Fonsagrada;A Fonsagrada;1;Tercera;
Colegio Notarial de Galicia;Lugo;Lugo;Lugo;6;Primera;
Colegio Notarial de Galicia;Lugo;Lugo;Becerreá;1;Tercera;
Colegio Notarial de Galicia;Lugo;Lugo;Castro de Rei;1;Tercera;
Colegio Notarial de Galicia;Lugo;Lugo;Castroverde;1;Tercera;
Colegio Notarial de Galicia;Lugo;Lugo;Friol;1;Tercera;
Colegio Notarial de Galicia;Lugo;Lugo;Meira;1;Tercera;
Colegio Notarial de Galicia;Lugo;Lugo;Sarria;2;Tercera;
Colegio Notarial de Galicia;Lugo;Mondoñedo;Mondoñedo;1;Tercera;
Colegio Notarial de Galicia;Lugo;Mondoñedo;Cervo-Burela;1;Tercera;
Colegio Notarial de Galicia;Lugo;Mondoñedo;Foz;1;Tercera;
Colegio Notarial de Galicia;Lugo;Mondoñedo;Ribadeo;2;Tercera;
Colegio Notarial de Galicia;Lugo;Mondoñedo;Viveiro;2;Tercera;
Colegio Notarial de Galicia;Lugo;Mondoñedo;A Pontenova;1;Tercera;
Colegio Notarial de Galicia;Lugo;Monforte de Lemos;Monforte de Lemos;2;Segunda;
Colegio Notarial de Galicia;Lugo;Monforte de Lemos;Quiroga;1;Tercera;
Colegio Notarial de Galicia;Lugo;Vilalba;Vilalba;1;Tercera;
Colegio Notarial de Galicia;Lugo;Vilalba;Guitiriz;1;Tercera;
Colegio Notarial de Galicia;Ourense;Bande;Bande;1;Tercera;
Colegio Notarial de Galicia;Ourense;O Barco de Valdeorras;Barco de Valdeorras;2;Tercera;
Colegio Notarial de Galicia;Ourense;O Carballiño;Carballiño;1;Tercera;
Colegio Notarial de Galicia;Ourense;Ourense;Ourense;7;Primera;
Colegio Notarial de Galicia;Ourense;Ourense;Allariz;1;Tercera;
Colegio Notarial de Galicia;Ourense;Ourense;Celanova;1;Tercera;
Colegio Notarial de Galicia;Ourense;Ourense;Xinzo de Limia;1;Tercera;
Colegio Notarial de Galicia;Ourense;A Pobra de Trives;A Pobra de Trives;1;Tercera;
Colegio Notarial de Galicia;Ourense;A Pobra de Trives;Viana do Bolo;1;Tercera;
Colegio Notarial de Galicia;Ourense;Ribadavia;Ribadavia;1;Tercera;
Colegio Notarial de Galicia;Ourense;Verín;Verín;1;Tercera;
Colegio Notarial de Galicia;Pontevedra;Cambados;Cambados;2;Tercera;
Colegio Notarial de Galicia;Pontevedra;Cambados;O Grove;1;Tercera;
Colegio Notarial de Galicia;Pontevedra;Cambados;Sanxenxo;2;Tercera;
Colegio Notarial de Galicia;Pontevedra;A Estrada;A Estrada;1;Segunda;
Colegio Notarial de Galicia;Pontevedra;A Estrada;Forcarei;1;Tercera;
Colegio Notarial de Galicia;Pontevedra;Lalín;Lalín;2;Segunda;
Colegio Notarial de Galicia;Pontevedra;Lalín;Silleda;1;Tercera;
Colegio Notarial de Galicia;Pontevedra;Pontevedra;Pontevedra;5;Primera;
Colegio Notarial de Galicia;Pontevedra;Pontevedra;Cangas;2;Segunda;
Colegio Notarial de Galicia;Pontevedra;Pontevedra;Marín;1;Segunda;
Colegio Notarial de Galicia;Pontevedra;Pontevedra;Moaña;1;Segunda;
Colegio Notarial de Galicia;Pontevedra;Pontevedra;Ponte Caldelas;1;Tercera;
Colegio Notarial de Galicia;Pontevedra;Pontevedra;Bueu;1;Tercera;
Colegio Notarial de Galicia;Pontevedra;Ponteareas;Ponteareas;2;Segunda;
Colegio Notarial de Galicia;Pontevedra;Ponteareas;A Cañiza;1;Tercera;
Colegio Notarial de Galicia;Pontevedra;Tui;Tui;1;Tercera;
Colegio Notarial de Galicia;Pontevedra;Tui;A Guardia;1;Tercera;
Colegio Notarial de Galicia;Pontevedra;Tui;O Porriño;2;Tercera;
Colegio Notarial de Galicia;Pontevedra;Vigo;Vigo;15;Primera;incluye una en el barrio Traviesas y una en Calvario
Colegio Notarial de Galicia;Pontevedra;Vigo;Baiona;1;Tercera;
Colegio Notarial de Galicia;Pontevedra;Vigo;La Ramallosa-Nigrán;1;Tercera;
Colegio Notarial de Galicia;Pontevedra;Vigo;Nigrán;1;Tercera;
Colegio Notarial de Galicia;Pontevedra;Vigo;Redondela;2;Segunda;
Colegio Notarial de Galicia;Pontevedra;Vilagarcía de Arousa;Vilagarcía de Arousa;2;Segunda;
Colegio Notarial de Galicia;Pontevedra;Vilagarcía de Arousa;Caldas de Reis;1;Tercera;
Colegio Notarial de Galicia;Pontevedra;Vilagarcía de Arousa;Cuntis;1;Tercera;
Colegio Notarial de Galicia;Pontevedra;Vilagarcía de Arousa;Vilanova de Arousa;1;Tercera;
Colegio Notarial de La Rioja;La Rioja;Calahorra;Calahorra;2;Segunda;
Colegio Notarial de La Rioja;La Rioja;Calahorra;Alfaro;2;Tercera;
Colegio Notarial de La Rioja;La Rioja;Calahorra;Arnedo;2;Tercera;
Colegio Notarial de La Rioja;La Rioja;Calahorra;Cervera del Río Alhama;1;Tercera;
Colegio Notarial de La Rioja;La Rioja;Haro;Haro;2;Tercera;
Colegio Notarial de La Rioja;La Rioja;Haro;Santo Domingo de la Calzada;1;Tercera;
Colegio Notarial de La Rioja;La Rioja;Logroño;Logroño;9;Primera;
Colegio Notarial de La Rioja;La Rioja;Logroño;Cenicero;1;Tercera;
Colegio Notarial de La Rioja;La Rioja;Logroño;Nájera;1;Tercera;
Colegio Notarial de La Rioja;La Rioja;Logroño;Torrecilla en Cameros;1;Tercera;
Colegio Notarial de las Illes Balears;Illes Balears;Eivissa;Eivissa;4;Segunda;
Colegio Notarial de las Illes Balears;Illes Balears;Eivissa;Formentera;1;Tercera;
Colegio Notarial de las Illes Balears;Illes Balears;Eivissa;Sant Antoni de Portmany;2;Tercera;
Colegio Notarial de las Illes Balears;Illes Balears;Eivissa;Santa Eulalia del Río;2;Segunda;
Colegio Notarial de las Illes Balears;Illes Balears;Eivissa;Sant Josep de sa Talia;1;Tercera;
Colegio Notarial de las Illes Balears;Illes Balears;Inca;Inca;3;Segunda;
Colegio Notarial de las Illes Balears;Illes Balears;Inca;Alaró;1;Tercera;
Colegio Notarial de las Illes Balears;Illes Balears;Inca;Alcúdia;2;Tercera;
Colegio Notarial de las Illes Balears;Illes Balears;Inca;Binisalem;1;Tercera;
Colegio Notarial de las Illes Balears;Illes Balears;Inca;Muro;1;Tercera;
Colegio Notarial de las Illes Balears;Illes Balears;Inca;Pollença;1;Tercera;
Colegio Notarial de las Illes Balears;Illes Balears;Inca;Sa Pobla;1;Tercera;
Colegio Notarial de las Illes Balears;Illes Balears;Inca;Sineu;1;Tercera;
Colegio Notarial de las Illes Balears;Illes Balears;Inca;Santa Margalida;1;Tercera;
Colegio Notarial de las Illes Balears;Illes Balears;Maó;Maó;3;Segunda;
Colegio Notarial de las Illes Balears;Illes Balears;Maó;Ciutadella de Menorca;2;Segunda;
Colegio Notarial de las Illes Balears;Illes Balears;Maó;Es Mercadal;1;Tercera;
Colegio Notarial de las Illes Balears;Illes Balears;Maó;Alaior;1;Tercera;
Colegio Notarial de las Illes Balears;Illes Balears;Manacor;Manacor;3;Segunda;
Colegio Notarial de las Illes Balears;Illes Balears;Manacor;Artà;1;Tercera;
Colegio Notarial de las Illes Balears;Illes Balears;Manacor;Campos;1;Tercera;
Colegio Notarial de las Illes Balears;Illes Balears;Manacor;Felanitx;2;Tercera;
Colegio Notarial de las Illes Balears;Illes Balears;Manacor;Porreres;1;Tercera;
Colegio Notarial de las Illes Balears;Illes Balears;Manacor;Santanyi;1;Tercera;
Colegio Notarial de las Illes Balears;Illes Balears;Manacor;Son Servera;1;Tercera;
Colegio Notarial de las Illes Balears;Illes Balears;Manacor;Petra;1;Tercera;
Colegio Notarial de las Illes Balears;Illes Balears;Palma de Mallorca;Palma de Mallorca;22;Primera;incluye una en Es Coll d'en Rebassa
Colegio Notarial de las Illes Balears;Illes Balears;Palma de Mallorca;Andratx;1;Tercera;
Colegio Notarial de las Illes Balears;Illes Balears;Palma de Mallorca;Calvià;3;Segunda;
Colegio Notarial de las Illes Balears;Illes Balears;Palma de Mallorca;Esporles;1;Tercera;
Colegio Notarial de las Illes Balears;Illes Balears;Palma de Mallorca;Llucmajor;2;Segunda;
Colegio Notarial de las Illes Balears;Illes Balears;Palma de Mallorca;Santa Maria del Camí;1;Tercera;
Colegio Notarial de las Illes Balears;Illes Balears;Palma de Mallorca;Sóller;1;Tercera;
Colegio Notarial de las Illes Balears;Illes Balears;Palma de Mallorca;Marratxí;2;Segunda;incluye una en el núcleo de La Cabaneta
Colegio Notarial de las Islas Canarias;Las Palmas;Arrecife;Arrecife;5;Segunda;
Colegio Notarial de las Islas Canarias;Las Palmas;Arrecife;Tías;1;Segunda;
Colegio Notarial de las Islas Canarias;Las Palmas;Arrecife;Yaiza;1;Segunda;
Colegio Notarial de las Islas Canarias;Las Palmas;Las Palmas de Gran Canaria;Las Palmas de Gran Canaria;20;Primera;
Colegio Notarial de las Islas Canarias;Las Palmas;Las Palmas de Gran Canaria;Arucas;1;Segunda;
Colegio Notarial de las Islas Canarias;Las Palmas;Las Palmas de Gran Canaria;Vega de San Mateo;1;Tercera;
Colegio Notarial de las Islas Canarias;Las Palmas;Puerto del Rosario;Puerto del Rosario;3;Segunda;
Colegio Notarial de las Islas Canarias;Las Palmas;Puerto del Rosario;Morro Jable;1;Segunda;
Colegio Notarial de las Islas Canarias;Las Palmas;Puerto del Rosario;Tuineje;1;Tercera;
Colegio Notarial de las Islas Canarias;Las Palmas;Puerto del Rosario;Antigua;1;Tercera;
Colegio Notarial de las Islas Canarias;Las Palmas;Puerto del Rosario;La Oliva;1;Segunda;
Colegio Notarial de las Islas Canarias;Las Palmas;San Bartolomé de Tirajana;San Bartolomé de Tirajana-Maspalomas;3;Segunda;
Colegio Notarial de las Islas Canarias;Las Palmas;San Bartolomé de Tirajana;Mogán;2;Segunda;
Colegio Notarial de las Islas Canarias;Las Palmas;San Bartolomé de Tirajana;Santa Lucía-Vecindario;2;Segunda;
Colegio Notarial de las Islas Canarias;Las Palmas;Santa María de Guía;Santa María de Guía de Gran Canaria;1;Tercera;
Colegio Notarial de las Islas Canarias;Las Palmas;Santa María de Guía;Gáldar;2;Segunda;
Colegio Notarial de las Islas Canarias;Las Palmas;Telde;Telde;3;Primera;
Colegio Notarial de las Islas Canarias;Las Palmas;Telde;Ingenio-Carrizal;1;Segunda;
Colegio Notarial de las Islas Canarias;Las Palmas;Telde;Agüimes;1;Segunda;
Colegio Notarial de las Islas Canarias;Santa Cruz de Tenerife;Granadilla de Abona;Granadilla de Abona;2;Segunda;
Colegio Notarial de las Islas Canarias;Santa Cruz de Tenerife;Granadilla de Abona;Adeje;4;Segunda;
Colegio Notarial de las Islas Canarias;Santa Cruz de Tenerife;Granadilla de Abona;Guía de Isora;1;Segunda;
Colegio Notarial de las Islas Canarias;Santa Cruz de Tenerife;Granadilla de Abona;Arona-Los Cristianos;4;Segunda;
Colegio Notarial de las Islas Canarias;Santa Cruz de Tenerife;Icod de los Vinos;Icod de los Vinos;1;Segunda;
Colegio Notarial de las Islas Canarias;Santa Cruz de Tenerife;Icod de los Vinos;Santiago del Teide;1;Tercera;
Colegio Notarial de las Islas Canarias;Santa Cruz de Tenerife;San Cristóbal de La Laguna;San Cristóbal de La Laguna;5;Primera;
Colegio Notarial de las Islas Canarias;Santa Cruz de Tenerife;San Cristóbal de La Laguna;Tacoronte;1;Segunda;
Colegio Notarial de las Islas Canarias;Santa Cruz de Tenerife;La Orotava;La Orotava;3;Segunda;
Colegio Notarial de las Islas Canarias;Santa Cruz de Tenerife;La Orotava;Los Realejos;2;Segunda;
Colegio Notarial de las Islas Canarias;Santa Cruz de Tenerife;La Orotava;Puerto de la Cruz;2;Segunda;
Colegio Notarial de las Islas Canarias;Santa Cruz de Tenerife;Los Llanos de Aridane;Los Llanos de Aridane;2;Segunda;
Colegio Notarial de las Islas Canarias;Santa Cruz de Tenerife;San Sebastián de la Gomera;San Sebastián de la Gomera;1;Tercera;
Colegio Notarial de las Islas Canarias;Santa Cruz de Tenerife;Santa Cruz de La Palma;Santa Cruz de La Palma;3;Tercera;
Colegio Notarial de las Islas Canarias;Santa Cruz de Tenerife;Santa Cruz de Tenerife;Santa Cruz de Tenerife;12;Primera;
Colegio Notarial de las Islas Canarias;Santa Cruz de Tenerife;Santa Cruz de Tenerife;Güímar;2;Tercera;
Colegio Notarial de las Islas Canarias;Santa Cruz de Tenerife;Valverde del Hierro;Valverde del Hierro;1;Tercera;
Colegio Notarial de Madrid;Madrid;Alcalá de Henares;Alcalá de Henares;7;Primera;
Colegio Notarial de Madrid;Madrid;Alcalá de Henares;Algete;2;Tercera;
Colegio Notarial de Madrid;Madrid;Alcalá de Henares;Coslada;3;Primera;
Colegio Notarial de Madrid;Madrid;Alcalá de Henares;San Fernando de Henares;2;Segunda;
Colegio Notarial de Madrid;Madrid;Alcalá de Henares;Torrejón de Ardoz;6;Primera;
Colegio Notarial de Madrid;Madrid;Alcalá de Henares;Meco;1;Tercera;
Colegio Notarial de Madrid;Madrid;Alcalá de Henares;Paracuellos del Jarama;1;Tercera;
Colegio Notarial de Madrid;Madrid;Alcalá de Henares;Mejorada del Campo;1;Segunda;
Colegio Notarial de Madrid;Madrid;Alcobendas;Alcobendas;5;Primera;
Colegio Notarial de Madrid;Madrid;Alcobendas;San Sebastián de los Reyes;2;Segunda;
Colegio Notarial de Madrid;Madrid;Alcobendas;San Agustín del Guadalix;1;Tercera;
Colegio Notarial de Madrid;Madrid;Aranjuez;Aranjuez;2;Segunda;
Colegio Notarial de Madrid;Madrid;Aranjuez;Arganda del Rey;2;Segunda;
Colegio Notarial de Madrid;Madrid;Aranjuez;Chinchón;1;Tercera;
Colegio Notarial de Madrid;Madrid;Aranjuez;Ciempozuelos;1;Tercera;
Colegio Notarial de Madrid;Madrid;Aranjuez;Valdemoro;2;Segunda;
Colegio Notarial de Madrid;Madrid;Aranjuez;Villarejo de Salvanés;1;Tercera;
Colegio Notarial de Madrid;Madrid;Aranjuez;Rivas-Vaciamadrid;2;Segunda;
Colegio Notarial de Madrid;Madrid;Aranjuez;San Martín de la Vega;1;Tercera;
Colegio Notarial de Madrid;Madrid;Colmenar Viejo;Colmenar Viejo;2;Segunda;
Colegio Notarial de Madrid;Madrid;Colmenar Viejo;Buitrago;1;Tercera;
Colegio Notarial de Madrid;Madrid;Colmenar Viejo;Miraflores de la Sierra;1;Tercera;
Colegio Notarial de Madrid;Madrid;Colmenar Viejo;Torrelaguna;1;Tercera;
Colegio Notarial de Madrid;Madrid;Colmenar Viejo;Tres Cantos;2;Segunda;
Colegio Notarial de Madrid;Madrid;Colmenar Viejo;Moralzarzal;1;Tercera;
Colegio Notarial de Madrid;Madrid;Getafe;Getafe;6;Primera;
Colegio Notarial de Madrid;Madrid;Getafe;Parla;3;Primera;
Colegio Notarial de Madrid;Madrid;Getafe;Pinto;3;Segunda;
Colegio Notarial de Madrid;Madrid;Leganés;Leganés;6;Primera;
Colegio Notarial de Madrid;Madrid;Leganés;Fuenlabrada;6;Primera;
Colegio Notarial de Madrid;Madrid;Leganés;Humanes de Madrid;1;Tercera;
Colegio Notarial de Madrid;Madrid;Madrid;Madrid;216;Primera;incluye una plaza en cada uno de los siguientes barrios/núcleos: Aluche, Aravaca, Barajas, Barrio del Pilar, Canillas, Chopera, Concepción, Embajadores, Fontarrón, Fuencarral, Mirasierra, Opañel, Palomeras, Palos de Moguer, Peñagrande, Pinar del Rey, Pueblonuevo, Puerta del Ángel, Quintana, Sanchinarro, San Isidro, Usera, Valdeacederas, Valdebebas, Valdezarza, Valverde, Vicálvaro, Villa de Vallecas, Villaverde, Vinateros y Vista Alegre
Colegio Notarial de Madrid;Madrid;Madrid;Alcorcón;6;Primera;
Colegio Notarial de Madrid;Madrid;Móstoles;Móstoles;5;Primera;
Colegio Notarial de Madrid;Madrid;Móstoles;Pozuelo de Alarcón;2;Segunda;
Colegio Notarial de Madrid;Madrid;Móstoles;Villaviciosa de Odón;2;Segunda;
Colegio Notarial de Madrid;Madrid;Móstoles;Villanueva de la Cañada;1;Tercera;
Colegio Notarial de Madrid;Madrid;Móstoles;Boadilla del Monte;3;Segunda;
Colegio Notarial de Madrid;Madrid;Navalcarnero;Navalcarnero;2;Tercera;
Colegio Notarial de Madrid;Madrid;Navalcarnero;San Martín de Valdeiglesias;1;Tercera;
Colegio Notarial de Madrid;Madrid;Navalcarnero;Arroyomolinos;1;Tercera;
Colegio Notarial de Madrid;Madrid;San Lorenzo de El Escorial;San Lorenzo de El Escorial;1;Tercera;
Colegio Notarial de Madrid;Madrid;San Lorenzo de El Escorial;El Escorial;1;Tercera;
Colegio Notarial de Madrid;Madrid;San Lorenzo de El Escorial;Collado Villalba;2;Segunda;
Colegio Notarial de Madrid;Madrid;San Lorenzo de El Escorial;Majadahonda;3;Segunda;
Colegio Notarial de Madrid;Madrid;San Lorenzo de El Escorial;Las Rozas de Madrid;2;Segunda;
Colegio Notarial de Madrid;Madrid;San Lorenzo de El Escorial;Torrelodones;3;Segunda;
Colegio Notarial de Madrid;Madrid;San Lorenzo de El Escorial;Guadarrama;1;Tercera;
Colegio Notarial de Madrid;Madrid;San Lorenzo de El Escorial;Valdemorillo;1;Tercera;
Colegio Notarial de Madrid;Madrid;San Lorenzo de El Escorial;Brunete;1;Tercera;
Colegio Notarial de Madrid;Madrid;San Lorenzo de El Escorial;Galapagar;1;Segunda;
Colegio Notarial de Murcia;Murcia;Caravaca de la Cruz;Caravaca de la Cruz;2;Segunda;
Colegio Notarial de Murcia;Murcia;Caravaca de la Cruz;Calasparra;1;Tercera;
Colegio Notarial de Murcia;Murcia;Caravaca de la Cruz;Cehegín;1;Tercera;
Colegio Notarial de Murcia;Murcia;Caravaca de la Cruz;Moratalla;1;Tercera;
Colegio Notarial de Murcia;Murcia;Cartagena;Cartagena;9;Primera;
Colegio Notarial de Murcia;Murcia;Cartagena;Fuente Álamo de Murcia;1;Tercera;
Colegio Notarial de Murcia;Murcia;Cartagena;La Unión;2;Tercera;
Colegio Notarial de Murcia;Murcia;Cartagena;Mazarrón;2;Segunda;
Colegio Notarial de Murcia;Murcia;Cieza;Cieza;2;Segunda;
Colegio Notarial de Murcia;Murcia;Cieza;Abanilla;1;Tercera;
Colegio Notarial de Murcia;Murcia;Cieza;Abarán;2;Tercera;
Colegio Notarial de Murcia;Murcia;Lorca;Lorca;3;Primera;
Colegio Notarial de Murcia;Murcia;Lorca;Águilas;2;Segunda;
Colegio Notarial de Murcia;Murcia;Lorca;Puerto Lumbreras;2;Tercera;
Colegio Notarial de Murcia;Murcia;Mula;Mula;1;Tercera;
Colegio Notarial de Murcia;Murcia;Mula;Alguazas-Lorquí;1;Tercera;
Colegio Notarial de Murcia;Murcia;Mula;Archena;1;Tercera;
Colegio Notarial de Murcia;Murcia;Mula;Bullas;1;Tercera;
Colegio Notarial de Murcia;Murcia;Mula;Molina de Segura;3;Segunda;
Colegio Notarial de Murcia;Murcia;Mula;Las Torres de Cotillas;1;Tercera;
Colegio Notarial de Murcia;Murcia;Mula;Ceutí;1;Tercera;
Colegio Notarial de Murcia;Murcia;Murcia;Murcia;19;Primera;
Colegio Notarial de Murcia;Murcia;Murcia;Alcantarilla;2;Segunda;
Colegio Notarial de Murcia;Murcia;Murcia;Alhama de Murcia;2;Tercera;
Colegio Notarial de Murcia;Murcia;Murcia;Beniel;1;Tercera;
Colegio Notarial de Murcia;Murcia;Murcia;Los Alcázares;2;Tercera;
Colegio Notarial de Murcia;Murcia;Murcia;San Javier;3;Segunda;
Colegio Notarial de Murcia;Murcia;Murcia;San Pedro del Pinatar;2;Segunda;
Colegio Notarial de Murcia;Murcia;Murcia;Santomera;2;Tercera;
Colegio Notarial de Murcia;Murcia;Murcia;Torrepacheco;2;Segunda;
Colegio Notarial de Murcia;Murcia;Murcia;Totana;2;Segunda;
Colegio Notarial de Murcia;Murcia;Yecla;Yecla;2;Segunda;
Colegio Notarial de Murcia;Murcia;Yecla;Jumilla;2;Segunda;
Colegio Notarial de Navarra;Navarra;Aoiz/Agoitz;Aoiz/Agoitz;1;Tercera;
Colegio Notarial de Navarra;Navarra;Aoiz/Agoitz;Ochagavía/Otsagabia;1;Tercera;
Colegio Notarial de Navarra;Navarra;Aoiz/Agoitz;Sangüesa/Zangoza;1;Tercera;
Colegio Notarial de Navarra;Navarra;Aoiz/Agoitz;Burlada/Burlata;1;Tercera;
Colegio Notarial de Navarra;Navarra;Estella/Lizarra;Estella/Lizarra;3;Tercera;
Colegio Notarial de Navarra;Navarra;Estella/Lizarra;Lodosa;1;Tercera;
Colegio Notarial de Navarra;Navarra;Estella/Lizarra;Los Arcos;1;Tercera;
Colegio Notarial de Navarra;Navarra;Estella/Lizarra;San Adrián;1;Tercera;
Colegio Notarial de Navarra;Navarra;Pamplona/Iruña;Pamplona/Iruña;16;Primera;
Colegio Notarial de Navarra;Navarra;Pamplona/Iruña;Altsasu/Alsasua;1;Tercera;
Colegio Notarial de Navarra;Navarra;Pamplona/Iruña;Baztán;1;Tercera;
Colegio Notarial de Navarra;Navarra;Pamplona/Iruña;Lekunberri;1;Tercera;
Colegio Notarial de Navarra;Navarra;Pamplona/Iruña;Lesaka;1;Tercera;
Colegio Notarial de Navarra;Navarra;Pamplona/Iruña;Puente la Reina/Gares;1;Tercera;
Colegio Notarial de Navarra;Navarra;Pamplona/Iruña;Villava/Atarrabia;1;Tercera;
Colegio Notarial de Navarra;Navarra;Tafalla;Tafalla;2;Tercera;
Colegio Notarial de Navarra;Navarra;Tafalla;Peralta;1;Tercera;
Colegio Notarial de Navarra;Navarra;Tudela;Tudela;3;Segunda;
Colegio Notarial de Navarra;Navarra;Tudela;Cascante;1;Tercera;
Colegio Notarial de Navarra;Navarra;Tudela;Corella;1;Tercera;
Colegio Notarial de Navarra;Navarra;Tudela;Villafranca;1;Tercera;
Colegio Notarial del País Vasco;Álava;Amurrio;Amurrio;1;Tercera;
Colegio Notarial del País Vasco;Álava;Amurrio;Laudio/Llodio;1;Segunda;
Colegio Notarial del País Vasco;Álava;Vitoria-Gasteiz;Vitoria-Gasteiz;13;Primera;
Colegio Notarial del País Vasco;Álava;Vitoria-Gasteiz;Laguardia;1;Tercera;
Colegio Notarial del País Vasco;Álava;Vitoria-Gasteiz;Salvatierra/Agurain;1;Tercera;
Colegio Notarial del País Vasco;Guipúzcoa;Azpeitia;Azpeitia;1;Tercera;
Colegio Notarial del País Vasco;Guipúzcoa;Azpeitia;Zarautz;2;Segunda;
Colegio Notarial del País Vasco;Guipúzcoa;Azpeitia;Zumaia;1;Tercera;
Colegio Notarial del País Vasco;Guipúzcoa;Azpeitia;Azkoitia;1;Tercera;
Colegio Notarial del País Vasco;Guipúzcoa;Azpeitia;Segura;1;Tercera;
Colegio Notarial del País Vasco;Guipúzcoa;Donostia-San Sebastián;Donostia-San Sebastián;13;Primera;
Colegio Notarial del País Vasco;Guipúzcoa;Donostia-San Sebastián;Hondarribia;1;Tercera;
Colegio Notarial del País Vasco;Guipúzcoa;Donostia-San Sebastián;Hernani;1;Segunda;
Colegio Notarial del País Vasco;Guipúzcoa;Donostia-San Sebastián;Lasarte-Oria;1;Tercera;
Colegio Notarial del País Vasco;Guipúzcoa;Donostia-San Sebastián;Irun;4;Segunda;
Colegio Notarial del País Vasco;Guipúzcoa;Donostia-San Sebastián;Errenteria;2;Segunda;
Colegio Notarial del País Vasco;Guipúzcoa;Donostia-San Sebastián;Oiartzun;1;Tercera;
Colegio Notarial del País Vasco;Guipúzcoa;Donostia-San Sebastián;Pasaia;1;Tercera;
Colegio Notarial del País Vasco;Guipúzcoa;Tolosa;Tolosa;3;Tercera;
Colegio Notarial del País Vasco;Guipúzcoa;Tolosa;Andoain;1;Tercera;
Colegio Notarial del País Vasco;Guipúzcoa;Tolosa;Beasain;1;Tercera;
Colegio Notarial del País Vasco;Guipúzcoa;Tolosa;Ordizia;1;Tercera;
Colegio Notarial del País Vasco;Guipúzcoa;Vergara;Vergara;2;Tercera;
Colegio Notarial del País Vasco;Guipúzcoa;Vergara;Eibar;2;Segunda;
Colegio Notarial del País Vasco;Guipúzcoa;Vergara;Elgoibar;1;Tercera;
Colegio Notarial del País Vasco;Guipúzcoa;Vergara;Arrasate/Mondragón;2;Segunda;
Colegio Notarial del País Vasco;Guipúzcoa;Vergara;Oñati;1;Tercera;
Colegio Notarial del País Vasco;Guipúzcoa;Vergara;Zumarraga;2;Tercera;
Colegio Notarial del País Vasco;Vizcaya;Bilbao;Bilbao;29;Primera;
Colegio Notarial del País Vasco;Vizcaya;Bilbao;Basauri;2;Segunda;
Colegio Notarial del País Vasco;Vizcaya;Bilbao;Galdakao;2;Segunda;
Colegio Notarial del País Vasco;Vizcaya;Bilbao;Getxo;5;Primera;
Colegio Notarial del País Vasco;Vizcaya;Bilbao;Urduña-Orduña;1;Tercera;
Colegio Notarial del País Vasco;Vizcaya;Bilbao;Erandio;1;Segunda;
Colegio Notarial del País Vasco;Vizcaya;Bilbao;Leioa;1;Segunda;
Colegio Notarial del País Vasco;Vizcaya;Barakaldo;Barakaldo;4;Primera;
Colegio Notarial del País Vasco;Vizcaya;Barakaldo;Portugalete;2;Segunda;
Colegio Notarial del País Vasco;Vizcaya;Barakaldo;Santurtzi;2;Segunda;
Colegio Notarial del País Vasco;Vizcaya;Barakaldo;Sestao;1;Segunda;
Colegio Notarial del País Vasco;Vizcaya;Durango;Durango;2;Segunda;
Colegio Notarial del País Vasco;Vizcaya;Durango;Amorebieta-Etxano;1;Tercera;
Colegio Notarial del País Vasco;Vizcaya;Durango;Elorrio;1;Tercera;
Colegio Notarial del País Vasco;Vizcaya;Durango;Ermua;1;Segunda;
Colegio Notarial del País Vasco;Vizcaya;Durango;Villaro;1;Tercera;
Colegio Notarial del País Vasco;Vizcaya;Gernica-Lumo;Gernica-Lumo;2;Tercera;
Colegio Notarial del País Vasco;Vizcaya;Gernica-Lumo;Bermeo;1;Tercera;
Colegio Notarial del País Vasco;Vizcaya;Gernica-Lumo;Lekeitio;1;Tercera;
Colegio Notarial del País Vasco;Vizcaya;Gernica-Lumo;Markina;1;Tercera;
Colegio Notarial del País Vasco;Vizcaya;Gernica-Lumo;Mungia;2;Tercera;
Colegio Notarial del País Vasco;Vizcaya;Gernica-Lumo;Ondarroa;1;Tercera;
Colegio Notarial del País Vasco;Vizcaya;Balmaseda;Balmaseda;2;Tercera;
Colegio Notarial del País Vasco;Vizcaya;Balmaseda;Karrantza Harana/Valle de Carranza;1;Tercera;
Colegio Notarial de Valencia;Alicante;Alcoi;Alcoi;4;Segunda;
Colegio Notarial de Valencia;Alicante;Alcoi;Banyeres de Mariola;1;Tercera;
Colegio Notarial de Valencia;Alicante;Alcoi;Cocentaina;1;Tercera;
Colegio Notarial de Valencia;Alicante;Alcoi;Ibi;2;Segunda;
Colegio Notarial de Valencia;Alicante;Alcoi;Muro de Alcoy;1;Tercera;
Colegio Notarial de Valencia;Alicante;Alicante/Alacant;Alicante/Alacant;20;Primera;
Colegio Notarial de Valencia;Alicante;Alicante/Alacant;El Campello;2;Segunda;
Colegio Notarial de Valencia;Alicante;Alicante/Alacant;Jijona/Xixona;1;Tercera;
Colegio Notarial de Valencia;Alicante;Alicante/Alacant;Mutxamel;1;Tercera;
Colegio Notarial de Valencia;Alicante;Alicante/Alacant;Sant Joan d'Alacant;2;Segunda;
Colegio Notarial de Valencia;Alicante;Alicante/Alacant;San Vicente del Raspeig/Sant Vicent del Raspeig;3;Segunda;
Colegio Notarial de Valencia;Alicante;Benidorm;Benidorm;6;Segunda;
Colegio Notarial de Valencia;Alicante;Benidorm;L'Alfas del Pi;2;Segunda;
Colegio Notarial de Valencia;Alicante;Benidorm;Altea;2;Segunda;
Colegio Notarial de Valencia;Alicante;Dénia;Dénia;5;Segunda;
Colegio Notarial de Valencia;Alicante;Dénia;Benissa;2;Tercera;
Colegio Notarial de Valencia;Alicante;Dénia;Calpe/Calp;2;Segunda;
Colegio Notarial de Valencia;Alicante;Dénia;Gata de Gorgos;1;Tercera;
Colegio Notarial de Valencia;Alicante;Dénia;Jávea/Xábia;3;Segunda;
Colegio Notarial de Valencia;Alicante;Dénia;Orba;1;Tercera;
Colegio Notarial de Valencia;Alicante;Dénia;Pedreguer;1;Tercera;
Colegio Notarial de Valencia;Alicante;Dénia;Pego;1;Tercera;
Colegio Notarial de Valencia;Alicante;Dénia;Teulada;2;Tercera;
Colegio Notarial de Valencia;Alicante;Dénia;Ondara;1;Tercera;
Colegio Notarial de Valencia;Alicante;Elche/Elx;Elche/Elx;11;Primera;
Colegio Notarial de Valencia;Alicante;Elche/Elx;Crevillent;2;Segunda;
Colegio Notarial de Valencia;Alicante;Elche/Elx;Dolores;2;Tercera;
Colegio Notarial de Valencia;Alicante;Elche/Elx;Guardamar del Segura;3;Tercera;
Colegio Notarial de Valencia;Alicante;Elche/Elx;Santa Pola;2;Segunda;
Colegio Notarial de Valencia;Alicante;Elche/Elx;Albatera;1;Tercera;
Colegio Notarial de Valencia;Alicante;Elda;Elda;4;Segunda;
Colegio Notarial de Valencia;Alicante;Elda;Aspe;1;Tercera;
Colegio Notarial de Valencia;Alicante;Elda;Monóvar;1;Tercera;
Colegio Notarial de Valencia;Alicante;Elda;Novelda;3;Segunda;
Colegio Notarial de Valencia;Alicante;Elda;Petrer;2;Segunda;
Colegio Notarial de Valencia;Alicante;Elda;Pinoso;1;Tercera;
Colegio Notarial de Valencia;Alicante;Orihuela;Orihuela;5;Primera;
Colegio Notarial de Valencia;Alicante;Orihuela;Almoradí;3;Tercera;
Colegio Notarial de Valencia;Alicante;Orihuela;Callosa de Segura;2;Tercera;
Colegio Notarial de Valencia;Alicante;Orihuela;Torrevieja;8;Primera;
Colegio Notarial de Valencia;Alicante;Orihuela;Pilar de la Horadada;1;Tercera;
Colegio Notarial de Valencia;Alicante;Orihuela;Rojales;1;Tercera;
Colegio Notarial de Valencia;Alicante;Villajoyosa/la Vila Joiosa;Villajoyosa/la Vila Joiosa;2;Segunda;
Colegio Notarial de Valencia;Alicante;Villajoyosa/la Vila Joiosa;Callosa d'En Sarrià;1;Tercera;
Colegio Notarial de Valencia;Alicante;Villena;Villena;3;Segunda;
Colegio Notarial de Valencia;Alicante;Villena;Biar;1;Tercera;
Colegio Notarial de Valencia;Alicante;Villena;Castalla;1;Tercera;
Colegio Notarial de Valencia;Alicante;Villena;Onil;1;Tercera;
Colegio Notarial de Valencia;Castellón;Castellón de la Plana/Castelló de la Plana;Castellón de la Plana/Castelló de la Plana;11;Primera;
Colegio Notarial de Valencia;Castellón;Castellón de la Plana/Castelló de la Plana;Albocàsser;1;Tercera;
Colegio Notarial de Valencia;Castellón;Castellón de la Plana/Castelló de la Plana;Alcora;1;Tercera;
Colegio Notarial de Valencia;Castellón;Castellón de la Plana/Castelló de la Plana;Almazora-Almassora;1;Segunda;
Colegio Notarial de Valencia;Castellón;Castellón de la Plana/Castelló de la Plana;Almenara;1;Tercera;
Colegio Notarial de Valencia;Castellón;Castellón de la Plana/Castelló de la Plana;Betxí;1;Tercera;
Colegio Notarial de Valencia;Castellón;Castellón de la Plana/Castelló de la Plana;Benicasim;1;Tercera;
Colegio Notarial de Valencia;Castellón;Castellón de la Plana/Castelló de la Plana;Burriana;2;Segunda;
Colegio Notarial de Valencia;Castellón;Castellón de la Plana/Castelló de la Plana;Lucena del Cid;1;Tercera;
Colegio Notarial de Valencia;Castellón;Castellón de la Plana/Castelló de la Plana;Nules;2;Tercera;
Colegio Notarial de Valencia;Castellón;Castellón de la Plana/Castelló de la Plana;Onda;2;Segunda;
Colegio Notarial de Valencia;Castellón;Castellón de la Plana/Castelló de la Plana;Oropesa del Mar/Orpesa;1;Tercera;
Colegio Notarial de Valencia;Castellón;Castellón de la Plana/Castelló de la Plana;Torreblanca;1;Tercera;
Colegio Notarial de Valencia;Castellón;Castellón de la Plana/Castelló de la Plana;La Vall d'Uixó;3;Segunda;
Colegio Notarial de Valencia;Castellón;Castellón de la Plana/Castelló de la Plana;Villarreal;4;Segunda;
Colegio Notarial de Valencia;Castellón;Segorbe;Segorbe;2;Tercera;
Colegio Notarial de Valencia;Castellón;Segorbe;Viver;1;Tercera;
Colegio Notarial de Valencia;Castellón;Vinaròs;Vinaròs;2;Segunda;
Colegio Notarial de Valencia;Castellón;Vinaròs;Alcalá de Chivert;1;Tercera;
Colegio Notarial de Valencia;Castellón;Vinaròs;Benicarló;2;Segunda;
Colegio Notarial de Valencia;Castellón;Vinaròs;Morella;1;Tercera;
Colegio Notarial de Valencia;Castellón;Vinaròs;Peñíscola;2;Tercera;
Colegio Notarial de Valencia;Castellón;Vinaròs;San Mateo;1;Tercera;
Colegio Notarial de Valencia;Castellón;Vinaròs;Villafranca del Cid;1;Tercera;
Colegio Notarial de Valencia;Valencia;Alzira;Alzira;4;Segunda;
Colegio Notarial de Valencia;Valencia;Alzira;Alcudia de Carlet;1;Tercera;
Colegio Notarial de Valencia;Valencia;Alzira;Algemesí;2;Segunda;
Colegio Notarial de Valencia;Valencia;Alzira;Alginet;1;Tercera;
Colegio Notarial de Valencia;Valencia;Alzira;Benifaió;1;Tercera;
Colegio Notarial de Valencia;Valencia;Alzira;Carcaixent;1;Segunda;
Colegio Notarial de Valencia;Valencia;Alzira;Guadassuar;1;Tercera;
Colegio Notarial de Valencia;Valencia;Alzira;Simat de Valldigna;1;Tercera;
Colegio Notarial de Valencia;Valencia;Alzira;Villanueva de Castellón;1;Tercera;
Colegio Notarial de Valencia;Valencia;Gandia;Gandia;7;Segunda;
Colegio Notarial de Valencia;Valencia;Gandia;Castelló de Rugat;1;Tercera;
Colegio Notarial de Valencia;Valencia;Gandia;La Font d'En Carròs;1;Tercera;
Colegio Notarial de Valencia;Valencia;Gandia;Xeraco;1;Tercera;
Colegio Notarial de Valencia;Valencia;Gandia;Oliva;2;Segunda;
Colegio Notarial de Valencia;Valencia;Xátiva;Xátiva;3;Segunda;
Colegio Notarial de Valencia;Valencia;Xátiva;Alberic;1;Tercera;
Colegio Notarial de Valencia;Valencia;Xátiva;Beniganim;1;Tercera;
Colegio Notarial de Valencia;Valencia;Xátiva;Canals;1;Tercera;
Colegio Notarial de Valencia;Valencia;Xátiva;Enguera;1;Tercera;
Colegio Notarial de Valencia;Valencia;Xátiva;La Pobla del Duc;1;Tercera;
Colegio Notarial de Valencia;Valencia;Xátiva;Moixent;1;Tercera;
Colegio Notarial de Valencia;Valencia;Llíria;Llíria;2;Segunda;
Colegio Notarial de Valencia;Valencia;Llíria;Benaguasil;1;Tercera;
Colegio Notarial de Valencia;Valencia;Llíria;Bétera;1;Tercera;
Colegio Notarial de Valencia;Valencia;Llíria;Chelva;1;Tercera;
Colegio Notarial de Valencia;Valencia;Llíria;La Pobla de Vallbona;1;Tercera;
Colegio Notarial de Valencia;Valencia;Llíria;Riba-roja de Túria;1;Segunda;
Colegio Notarial de Valencia;Valencia;Llíria;Villar del Arzobispo;1;Tercera;
Colegio Notarial de Valencia;Valencia;Llíria;l'Eliana;1;Tercera;
Colegio Notarial de Valencia;Valencia;Ontinyent;Ontinyent;3;Segunda;
Colegio Notarial de Valencia;Valencia;Ontinyent;Albaida;1;Tercera;
Colegio Notarial de Valencia;Valencia;Ontinyent;Fuente la Higuera;1;Tercera;
Colegio Notarial de Valencia;Valencia;Ontinyent;Ollería;1;Tercera;
Colegio Notarial de Valencia;Valencia;Requena;Requena;2;Segunda;
Colegio Notarial de Valencia;Valencia;Requena;Ayora;1;Tercera;
Colegio Notarial de Valencia;Valencia;Requena;Buñol;1;Tercera;
Colegio Notarial de Valencia;Valencia;Requena;Cheste;1;Tercera;
Colegio Notarial de Valencia;Valencia;Requena;Chiva;1;Tercera;
Colegio Notarial de Valencia;Valencia;Requena;Turís;1;Tercera;
Colegio Notarial de Valencia;Valencia;Requena;Utiel;1;Tercera;
Colegio Notarial de Valencia;Valencia;Sagunto/Sagunt;Sagunto/Sagunt;5;Segunda;
Colegio Notarial de Valencia;Valencia;Sagunto/Sagunt;Faura;1;Tercera;
Colegio Notarial de Valencia;Valencia;Sagunto/Sagunt;Massamagrell;2;Tercera;
Colegio Notarial de Valencia;Valencia;Sagunto/Sagunt;Puig;1;Tercera;
Colegio Notarial de Valencia;Valencia;Sagunto/Sagunt;Puçol;1;Tercera;
Colegio Notarial de Valencia;Valencia;Sagunto/Sagunt;Rafelbuñol/Rafelbunyol;1;Tercera;
Colegio Notarial de Valencia;Valencia;Sueca;Sueca;2;Segunda;
Colegio Notarial de Valencia;Valencia;Sueca;Almussafes;1;Tercera;
Colegio Notarial de Valencia;Valencia;Sueca;Cullera;2;Segunda;
Colegio Notarial de Valencia;Valencia;Sueca;Tabernes de la Valldigna;2;Tercera;
Colegio Notarial de Valencia;Valencia;Valencia;Valencia;52;Primera;incluye dos plazas en el Distrito Marítimo
Colegio Notarial de Valencia;Valencia;Valencia;Alaquás;1;Segunda;
Colegio Notarial de Valencia;Valencia;Valencia;Albal;1;Tercera;
Colegio Notarial de Valencia;Valencia;Valencia;Alboraya;2;Segunda;
Colegio Notarial de Valencia;Valencia;Valencia;Alcàsser;1;Tercera;
Colegio Notarial de Valencia;Valencia;Valencia;Aldaia;2;Segunda;
Colegio Notarial de Valencia;Valencia;Valencia;Alfafar;1;Segunda;
Colegio Notarial de Valencia;Valencia;Valencia;Burjassot;2;Segunda;
Colegio Notarial de Valencia;Valencia;Valencia;Carlet;2;Tercera;
Colegio Notarial de Valencia;Valencia;Valencia;Catadau;1;Tercera;
Colegio Notarial de Valencia;Valencia;Valencia;Catarroja;2;Segunda;
Colegio Notarial de Valencia;Valencia;Valencia;Xirivella;1;Segunda;
Colegio Notarial de Valencia;Valencia;Valencia;Quart de Poblet;2;Segunda;
Colegio Notarial de Valencia;Valencia;Valencia;Manises;2;Segunda;
Colegio Notarial de Valencia;Valencia;Valencia;Mislata;2;Segunda;
Colegio Notarial de Valencia;Valencia;Valencia;Moncada;2;Segunda;
Colegio Notarial de Valencia;Valencia;Valencia;Monserrat;1;Tercera;
Colegio Notarial de Valencia;Valencia;Valencia;Paterna;3;Segunda;
Colegio Notarial de Valencia;Valencia;Valencia;Picassent;1;Tercera;
Colegio Notarial de Valencia;Valencia;Valencia;Silla;1;Tercera;
Colegio Notarial de Valencia;Valencia;Valencia;Torrent;4;Segunda;
Colegio Notarial de Valencia;Valencia;Valencia;Benetúser;2;Tercera;
Colegio Notarial de Valencia;Valencia;Valencia;Paiporta;1;Segunda;
TOTAL GENERAL;;;2854;;;